
CREATE TABLE IF NOT EXISTS `FOOD114_AREA` (
  `IDX` int NOT NULL AUTO_INCREMENT,
  `SI` varchar(50) CHARACTER SET utf8mb4 COLLATE utf8mb4_0900_ai_ci DEFAULT NULL COMMENT '시',
  `GU` varchar(50) CHARACTER SET utf8mb4 COLLATE utf8mb4_0900_ai_ci DEFAULT NULL COMMENT '구',
  `DONG` varchar(50) CHARACTER SET utf8mb4 COLLATE utf8mb4_0900_ai_ci DEFAULT NULL COMMENT '동',
  PRIMARY KEY (`IDX`)
) ENGINE=InnoDB AUTO_INCREMENT=5067 DEFAULT CHARSET=utf8mb4 COLLATE=utf8mb4_0900_ai_ci;

-- 테이블 데이터 spring-project.FOOD114_AREA:~4,922 rows (대략적) 내보내기
INSERT INTO `FOOD114_AREA` (`IDX`, `SI`, `GU`, `DONG`) VALUES
	(1, '서울', '종로구', '청운동'),
	(2, '서울', '종로구', '신교동'),
	(3, '서울', '종로구', '궁정동'),
	(4, '서울', '종로구', '효자동'),
	(5, '서울', '종로구', '창성동'),
	(6, '서울', '종로구', '통의동'),
	(7, '서울', '종로구', '적선동'),
	(8, '서울', '종로구', '통인동'),
	(9, '서울', '종로구', '누상동'),
	(10, '서울', '종로구', '누하동'),
	(11, '서울', '종로구', '옥인동'),
	(12, '서울', '종로구', '체부동'),
	(13, '서울', '종로구', '필운동'),
	(14, '서울', '종로구', '내자동'),
	(15, '서울', '종로구', '사직동'),
	(16, '서울', '종로구', '도렴동'),
	(17, '서울', '종로구', '당주동'),
	(18, '서울', '종로구', '내수동'),
	(19, '서울', '종로구', '세종로'),
	(20, '서울', '종로구', '신문로1가'),
	(21, '서울', '종로구', '신문로2가'),
	(22, '서울', '종로구', '청진동'),
	(23, '서울', '종로구', '서린동'),
	(24, '서울', '종로구', '수송동'),
	(25, '서울', '종로구', '중학동'),
	(26, '서울', '종로구', '종로1가'),
	(27, '서울', '종로구', '공평동'),
	(28, '서울', '종로구', '관훈동'),
	(29, '서울', '종로구', '견지동'),
	(30, '서울', '종로구', '와룡동'),
	(31, '서울', '종로구', '권농동'),
	(32, '서울', '종로구', '운니동'),
	(33, '서울', '종로구', '익선동'),
	(34, '서울', '종로구', '경운동'),
	(35, '서울', '종로구', '관철동'),
	(36, '서울', '종로구', '인사동'),
	(37, '서울', '종로구', '낙원동'),
	(38, '서울', '종로구', '종로2가'),
	(39, '서울', '종로구', '팔판동'),
	(40, '서울', '종로구', '삼청동'),
	(41, '서울', '종로구', '안국동'),
	(42, '서울', '종로구', '소격동'),
	(43, '서울', '종로구', '화동'),
	(44, '서울', '종로구', '사간동'),
	(45, '서울', '종로구', '송현동'),
	(46, '서울', '종로구', '가회동'),
	(47, '서울', '종로구', '재동'),
	(48, '서울', '종로구', '계동'),
	(49, '서울', '종로구', '원서동'),
	(50, '서울', '종로구', '훈정동'),
	(51, '서울', '종로구', '묘동'),
	(52, '서울', '종로구', '봉익동'),
	(53, '서울', '종로구', '돈의동'),
	(54, '서울', '종로구', '장사동'),
	(55, '서울', '종로구', '관수동'),
	(56, '서울', '종로구', '종로3가'),
	(57, '서울', '종로구', '인의동'),
	(58, '서울', '종로구', '예지동'),
	(59, '서울', '종로구', '원남동'),
	(60, '서울', '종로구', '연지동'),
	(61, '서울', '종로구', '종로4가'),
	(62, '서울', '종로구', '효제동'),
	(63, '서울', '종로구', '종로5가'),
	(64, '서울', '종로구', '종로6가'),
	(65, '서울', '종로구', '이화동'),
	(66, '서울', '종로구', '연건동'),
	(67, '서울', '종로구', '충신동'),
	(68, '서울', '종로구', '동숭동'),
	(69, '서울', '종로구', '혜화동'),
	(70, '서울', '종로구', '명륜1가'),
	(71, '서울', '종로구', '명륜2가'),
	(72, '서울', '종로구', '명륜4가'),
	(73, '서울', '종로구', '명륜3가'),
	(74, '서울', '종로구', '창신동'),
	(75, '서울', '종로구', '숭인동'),
	(76, '서울', '종로구', '교남동'),
	(77, '서울', '종로구', '평동'),
	(78, '서울', '종로구', '송월동'),
	(79, '서울', '종로구', '홍파동'),
	(80, '서울', '종로구', '교북동'),
	(81, '서울', '종로구', '행촌동'),
	(82, '서울', '종로구', '구기동'),
	(83, '서울', '종로구', '평창동'),
	(84, '서울', '종로구', '부암동'),
	(85, '서울', '종로구', '홍지동'),
	(86, '서울', '종로구', '신영동'),
	(87, '서울', '종로구', '무악동'),
	(88, '서울', '중구', '무교동'),
	(89, '서울', '중구', '다동'),
	(90, '서울', '중구', '태평로1가'),
	(91, '서울', '중구', '을지로1가'),
	(92, '서울', '중구', '을지로2가'),
	(93, '서울', '중구', '남대문로1가'),
	(94, '서울', '중구', '삼각동'),
	(95, '서울', '중구', '수하동'),
	(96, '서울', '중구', '장교동'),
	(97, '서울', '중구', '수표동'),
	(98, '서울', '중구', '소공동'),
	(99, '서울', '중구', '남창동'),
	(100, '서울', '중구', '북창동'),
	(101, '서울', '중구', '태평로2가'),
	(102, '서울', '중구', '남대문로2가'),
	(103, '서울', '중구', '남대문로3가'),
	(104, '서울', '중구', '남대문로4가'),
	(105, '서울', '중구', '남대문로5가'),
	(106, '서울', '중구', '봉래동1가'),
	(107, '서울', '중구', '봉래동2가'),
	(108, '서울', '중구', '회현동1가'),
	(109, '서울', '중구', '회현동2가'),
	(110, '서울', '중구', '회현동3가'),
	(111, '서울', '중구', '충무로1가'),
	(112, '서울', '중구', '충무로2가'),
	(113, '서울', '중구', '명동1가'),
	(114, '서울', '중구', '명동2가'),
	(115, '서울', '중구', '남산동1가'),
	(116, '서울', '중구', '남산동2가'),
	(117, '서울', '중구', '남산동3가'),
	(118, '서울', '중구', '저동1가'),
	(119, '서울', '중구', '충무로4가'),
	(120, '서울', '중구', '충무로5가'),
	(121, '서울', '중구', '인현동2가'),
	(122, '서울', '중구', '예관동'),
	(123, '서울', '중구', '묵정동'),
	(124, '서울', '중구', '필동1가'),
	(125, '서울', '중구', '필동2가'),
	(126, '서울', '중구', '필동3가'),
	(127, '서울', '중구', '남학동'),
	(128, '서울', '중구', '주자동'),
	(129, '서울', '중구', '예장동'),
	(130, '서울', '중구', '장충동1가'),
	(131, '서울', '중구', '장충동2가'),
	(132, '서울', '중구', '광희동1가'),
	(133, '서울', '중구', '광희동2가'),
	(134, '서울', '중구', '쌍림동'),
	(135, '서울', '중구', '을지로6가'),
	(136, '서울', '중구', '을지로7가'),
	(137, '서울', '중구', '을지로4가'),
	(138, '서울', '중구', '을지로5가'),
	(139, '서울', '중구', '주교동'),
	(140, '서울', '중구', '방산동'),
	(141, '서울', '중구', '오장동'),
	(142, '서울', '중구', '을지로3가'),
	(143, '서울', '중구', '입정동'),
	(144, '서울', '중구', '산림동'),
	(145, '서울', '중구', '충무로3가'),
	(146, '서울', '중구', '초동'),
	(147, '서울', '중구', '인현동1가'),
	(148, '서울', '중구', '저동2가'),
	(149, '서울', '중구', '신당동'),
	(150, '서울', '중구', '흥인동'),
	(151, '서울', '중구', '무학동'),
	(152, '서울', '중구', '황학동'),
	(153, '서울', '중구', '서소문동'),
	(154, '서울', '중구', '정동'),
	(155, '서울', '중구', '순화동'),
	(156, '서울', '중구', '의주로1가'),
	(157, '서울', '중구', '충정로1가'),
	(158, '서울', '중구', '중림동'),
	(159, '서울', '중구', '의주로2가'),
	(160, '서울', '중구', '만리동1가'),
	(161, '서울', '중구', '만리동2가'),
	(162, '서울', '용산구', '후암동'),
	(163, '서울', '용산구', '용산동2가'),
	(164, '서울', '용산구', '용산동4가'),
	(165, '서울', '용산구', '갈월동'),
	(166, '서울', '용산구', '남영동'),
	(167, '서울', '용산구', '용산동1가'),
	(168, '서울', '용산구', '동자동'),
	(169, '서울', '용산구', '서계동'),
	(170, '서울', '용산구', '청파동1가'),
	(171, '서울', '용산구', '청파동2가'),
	(172, '서울', '용산구', '청파동3가'),
	(173, '서울', '용산구', '원효로1가'),
	(174, '서울', '용산구', '원효로2가'),
	(175, '서울', '용산구', '신창동'),
	(176, '서울', '용산구', '산천동'),
	(177, '서울', '용산구', '청암동'),
	(178, '서울', '용산구', '원효로3가'),
	(179, '서울', '용산구', '원효로4가'),
	(180, '서울', '용산구', '효창동'),
	(181, '서울', '용산구', '도원동'),
	(182, '서울', '용산구', '용문동'),
	(183, '서울', '용산구', '문배동'),
	(184, '서울', '용산구', '신계동'),
	(185, '서울', '용산구', '한강로1가'),
	(186, '서울', '용산구', '한강로2가'),
	(187, '서울', '용산구', '용산동3가'),
	(188, '서울', '용산구', '용산동5가'),
	(189, '서울', '용산구', '한강로3가'),
	(190, '서울', '용산구', '이촌동'),
	(191, '서울', '용산구', '이태원동'),
	(192, '서울', '용산구', '한남동'),
	(193, '서울', '용산구', '동빙고동'),
	(194, '서울', '용산구', '서빙고동'),
	(195, '서울', '용산구', '주성동'),
	(196, '서울', '용산구', '용산동6가'),
	(197, '서울', '용산구', '보광동'),
	(198, '서울', '성동구', '상왕십리동'),
	(199, '서울', '성동구', '하왕십리동'),
	(200, '서울', '성동구', '홍익동'),
	(201, '서울', '성동구', '도선동'),
	(202, '서울', '성동구', '마장동'),
	(203, '서울', '성동구', '사근동'),
	(204, '서울', '성동구', '행당동'),
	(205, '서울', '성동구', '응봉동'),
	(206, '서울', '성동구', '금호동1가'),
	(207, '서울', '성동구', '금호동2가'),
	(208, '서울', '성동구', '금호동3가'),
	(209, '서울', '성동구', '금호동4가'),
	(210, '서울', '성동구', '옥수동'),
	(211, '서울', '성동구', '성수동1가'),
	(212, '서울', '성동구', '성수동2가'),
	(213, '서울', '성동구', '송정동'),
	(214, '서울', '성동구', '용답동'),
	(215, '서울', '광진구', '중곡동'),
	(216, '서울', '광진구', '능동'),
	(217, '서울', '광진구', '구의동'),
	(218, '서울', '광진구', '광장동'),
	(219, '서울', '광진구', '자양동'),
	(220, '서울', '광진구', '화양동'),
	(221, '서울', '광진구', '군자동'),
	(222, '서울', '동대문구', '신설동'),
	(223, '서울', '동대문구', '용두동'),
	(224, '서울', '동대문구', '제기동'),
	(225, '서울', '동대문구', '전농동'),
	(226, '서울', '동대문구', '답십리동'),
	(227, '서울', '동대문구', '장안동'),
	(228, '서울', '동대문구', '청량리동'),
	(229, '서울', '동대문구', '회기동'),
	(230, '서울', '동대문구', '휘경동'),
	(231, '서울', '동대문구', '이문동'),
	(232, '서울', '중랑구', '면목동'),
	(233, '서울', '중랑구', '상봉동'),
	(234, '서울', '중랑구', '중화동'),
	(235, '서울', '중랑구', '묵동'),
	(236, '서울', '중랑구', '망우동'),
	(237, '서울', '중랑구', '신내동'),
	(238, '서울', '성북구', '성북동'),
	(239, '서울', '성북구', '성북동1가'),
	(240, '서울', '성북구', '돈암동'),
	(241, '서울', '성북구', '동소문동1가'),
	(242, '서울', '성북구', '동소문동2가'),
	(243, '서울', '성북구', '동소문동3가'),
	(244, '서울', '성북구', '동소문동4가'),
	(245, '서울', '성북구', '동소문동5가'),
	(246, '서울', '성북구', '동소문동6가'),
	(247, '서울', '성북구', '동소문동7가'),
	(248, '서울', '성북구', '삼선동1가'),
	(249, '서울', '성북구', '삼선동2가'),
	(250, '서울', '성북구', '삼선동3가'),
	(251, '서울', '성북구', '삼선동4가'),
	(252, '서울', '성북구', '삼선동5가'),
	(253, '서울', '성북구', '동선동1가'),
	(254, '서울', '성북구', '동선동2가'),
	(255, '서울', '성북구', '동선동3가'),
	(256, '서울', '성북구', '동선동4가'),
	(257, '서울', '성북구', '동선동5가'),
	(258, '서울', '성북구', '안암동1가'),
	(259, '서울', '성북구', '안암동2가'),
	(260, '서울', '성북구', '안암동3가'),
	(261, '서울', '성북구', '안암동4가'),
	(262, '서울', '성북구', '안암동5가'),
	(263, '서울', '성북구', '보문동4가'),
	(264, '서울', '성북구', '보문동5가'),
	(265, '서울', '성북구', '보문동6가'),
	(266, '서울', '성북구', '보문동7가'),
	(267, '서울', '성북구', '보문동1가'),
	(268, '서울', '성북구', '보문동2가'),
	(269, '서울', '성북구', '보문동3가'),
	(270, '서울', '성북구', '정릉동'),
	(271, '서울', '성북구', '길음동'),
	(272, '서울', '성북구', '종암동'),
	(273, '서울', '성북구', '하월곡동'),
	(274, '서울', '성북구', '상월곡동'),
	(275, '서울', '성북구', '장위동'),
	(276, '서울', '성북구', '석관동'),
	(277, '서울', '강북구', '미아동'),
	(278, '서울', '강북구', '번동'),
	(279, '서울', '강북구', '수유동'),
	(280, '서울', '강북구', '우이동'),
	(281, '서울', '도봉구', '쌍문동'),
	(282, '서울', '도봉구', '방학동'),
	(283, '서울', '도봉구', '창동'),
	(284, '서울', '도봉구', '도봉동'),
	(285, '서울', '노원구', '월계동'),
	(286, '서울', '노원구', '공릉동'),
	(287, '서울', '노원구', '하계동'),
	(288, '서울', '노원구', '상계동'),
	(289, '서울', '노원구', '중계동'),
	(290, '서울', '은평구', '수색동'),
	(291, '서울', '은평구', '녹번동'),
	(292, '서울', '은평구', '불광동'),
	(293, '서울', '은평구', '갈현동'),
	(294, '서울', '은평구', '구산동'),
	(295, '서울', '은평구', '대조동'),
	(296, '서울', '은평구', '응암동'),
	(297, '서울', '은평구', '역촌동'),
	(298, '서울', '은평구', '신사동'),
	(299, '서울', '은평구', '증산동'),
	(300, '서울', '은평구', '진관동'),
	(301, '서울', '서대문구', '충정로2가'),
	(302, '서울', '서대문구', '충정로3가'),
	(303, '서울', '서대문구', '합동'),
	(304, '서울', '서대문구', '미근동'),
	(305, '서울', '서대문구', '냉천동'),
	(306, '서울', '서대문구', '천연동'),
	(307, '서울', '서대문구', '옥천동'),
	(308, '서울', '서대문구', '영천동'),
	(309, '서울', '서대문구', '현저동'),
	(310, '서울', '서대문구', '북아현동'),
	(311, '서울', '서대문구', '홍제동'),
	(312, '서울', '서대문구', '대현동'),
	(313, '서울', '서대문구', '대신동'),
	(314, '서울', '서대문구', '신촌동'),
	(315, '서울', '서대문구', '봉원동'),
	(316, '서울', '서대문구', '창천동'),
	(317, '서울', '서대문구', '연희동'),
	(318, '서울', '서대문구', '홍은동'),
	(319, '서울', '서대문구', '북가좌동'),
	(320, '서울', '서대문구', '남가좌동'),
	(321, '서울', '마포구', '아현동'),
	(322, '서울', '마포구', '공덕동'),
	(323, '서울', '마포구', '신공덕동'),
	(324, '서울', '마포구', '도화동'),
	(325, '서울', '마포구', '용강동'),
	(326, '서울', '마포구', '토정동'),
	(327, '서울', '마포구', '마포동'),
	(328, '서울', '마포구', '대흥동'),
	(329, '서울', '마포구', '염리동'),
	(330, '서울', '마포구', '노고산동'),
	(331, '서울', '마포구', '신수동'),
	(332, '서울', '마포구', '현석동'),
	(333, '서울', '마포구', '구수동'),
	(334, '서울', '마포구', '창전동'),
	(335, '서울', '마포구', '상수동'),
	(336, '서울', '마포구', '하중동'),
	(337, '서울', '마포구', '신정동'),
	(338, '서울', '마포구', '당인동'),
	(339, '서울', '마포구', '서교동'),
	(340, '서울', '마포구', '동교동'),
	(341, '서울', '마포구', '합정동'),
	(342, '서울', '마포구', '망원동'),
	(343, '서울', '마포구', '연남동'),
	(344, '서울', '마포구', '성산동'),
	(345, '서울', '마포구', '중동'),
	(346, '서울', '마포구', '상암동'),
	(347, '서울', '양천구', '신정동'),
	(348, '서울', '양천구', '목동'),
	(349, '서울', '양천구', '신월동'),
	(350, '서울', '강서구', '염창동'),
	(351, '서울', '강서구', '등촌동'),
	(352, '서울', '강서구', '화곡동'),
	(353, '서울', '강서구', '가양동'),
	(354, '서울', '강서구', '마곡동'),
	(355, '서울', '강서구', '내발산동'),
	(356, '서울', '강서구', '외발산동'),
	(357, '서울', '강서구', '공항동'),
	(358, '서울', '강서구', '방화동'),
	(359, '서울', '강서구', '개화동'),
	(360, '서울', '강서구', '과해동'),
	(361, '서울', '강서구', '오곡동'),
	(362, '서울', '강서구', '오쇠동'),
	(363, '서울', '구로구', '신도림동'),
	(364, '서울', '구로구', '구로동'),
	(365, '서울', '구로구', '가리봉동'),
	(366, '서울', '구로구', '고척동'),
	(367, '서울', '구로구', '개봉동'),
	(368, '서울', '구로구', '오류동'),
	(369, '서울', '구로구', '궁동'),
	(370, '서울', '구로구', '온수동'),
	(371, '서울', '구로구', '천왕동'),
	(372, '서울', '구로구', '항동'),
	(373, '서울', '금천구', '가산동'),
	(374, '서울', '금천구', '독산동'),
	(375, '서울', '금천구', '시흥동'),
	(376, '서울', '영등포구', '영등포동'),
	(377, '서울', '영등포구', '영등포동1가'),
	(378, '서울', '영등포구', '영등포동2가'),
	(379, '서울', '영등포구', '영등포동3가'),
	(380, '서울', '영등포구', '영등포동4가'),
	(381, '서울', '영등포구', '영등포동5가'),
	(382, '서울', '영등포구', '영등포동6가'),
	(383, '서울', '영등포구', '영등포동7가'),
	(384, '서울', '영등포구', '영등포동8가'),
	(385, '서울', '영등포구', '여의도동'),
	(386, '서울', '영등포구', '당산동1가'),
	(387, '서울', '영등포구', '당산동2가'),
	(388, '서울', '영등포구', '당산동3가'),
	(389, '서울', '영등포구', '당산동4가'),
	(390, '서울', '영등포구', '당산동5가'),
	(391, '서울', '영등포구', '당산동6가'),
	(392, '서울', '영등포구', '당산동'),
	(393, '서울', '영등포구', '도림동'),
	(394, '서울', '영등포구', '문래동1가'),
	(395, '서울', '영등포구', '문래동2가'),
	(396, '서울', '영등포구', '문래동3가'),
	(397, '서울', '영등포구', '문래동4가'),
	(398, '서울', '영등포구', '문래동5가'),
	(399, '서울', '영등포구', '문래동6가'),
	(400, '서울', '영등포구', '양평동1가'),
	(401, '서울', '영등포구', '양평동2가'),
	(402, '서울', '영등포구', '양평동3가'),
	(403, '서울', '영등포구', '양평동4가'),
	(404, '서울', '영등포구', '양평동5가'),
	(405, '서울', '영등포구', '양평동6가'),
	(406, '서울', '영등포구', '양화동'),
	(407, '서울', '영등포구', '신길동'),
	(408, '서울', '영등포구', '대림동'),
	(409, '서울', '영등포구', '양평동'),
	(410, '서울', '동작구', '노량진동'),
	(411, '서울', '동작구', '상도동'),
	(412, '서울', '동작구', '상도1동'),
	(413, '서울', '동작구', '본동'),
	(414, '서울', '동작구', '흑석동'),
	(415, '서울', '동작구', '동작동'),
	(416, '서울', '동작구', '사당동'),
	(417, '서울', '동작구', '대방동'),
	(418, '서울', '동작구', '신대방동'),
	(419, '서울', '관악구', '봉천동'),
	(420, '서울', '관악구', '신림동'),
	(421, '서울', '관악구', '남현동'),
	(422, '서울', '서초구', '방배동'),
	(423, '서울', '서초구', '양재동'),
	(424, '서울', '서초구', '우면동'),
	(425, '서울', '서초구', '원지동'),
	(426, '서울', '서초구', '잠원동'),
	(427, '서울', '서초구', '반포동'),
	(428, '서울', '서초구', '서초동'),
	(429, '서울', '서초구', '내곡동'),
	(430, '서울', '서초구', '염곡동'),
	(431, '서울', '서초구', '신원동'),
	(432, '서울', '강남구', '역삼동'),
	(433, '서울', '강남구', '개포동'),
	(434, '서울', '강남구', '청담동'),
	(435, '서울', '강남구', '삼성동'),
	(436, '서울', '강남구', '대치동'),
	(437, '서울', '강남구', '신사동'),
	(438, '서울', '강남구', '논현동'),
	(439, '서울', '강남구', '압구정동'),
	(440, '서울', '강남구', '세곡동'),
	(441, '서울', '강남구', '자곡동'),
	(442, '서울', '강남구', '율현동'),
	(443, '서울', '강남구', '일원동'),
	(444, '서울', '강남구', '수서동'),
	(445, '서울', '강남구', '도곡동'),
	(446, '서울', '송파구', '잠실동'),
	(447, '서울', '송파구', '신천동'),
	(448, '서울', '송파구', '풍납동'),
	(449, '서울', '송파구', '송파동'),
	(450, '서울', '송파구', '석촌동'),
	(451, '서울', '송파구', '삼전동'),
	(452, '서울', '송파구', '가락동'),
	(453, '서울', '송파구', '문정동'),
	(454, '서울', '송파구', '장지동'),
	(455, '서울', '송파구', '방이동'),
	(456, '서울', '송파구', '오금동'),
	(457, '서울', '송파구', '거여동'),
	(458, '서울', '송파구', '마천동'),
	(459, '서울', '강동구', '명일동'),
	(460, '서울', '강동구', '고덕동'),
	(461, '서울', '강동구', '상일동'),
	(462, '서울', '강동구', '길동'),
	(463, '서울', '강동구', '둔촌동'),
	(464, '서울', '강동구', '암사동'),
	(465, '서울', '강동구', '성내동'),
	(466, '서울', '강동구', '천호동'),
	(467, '서울', '강동구', '강일동'),
	(468, '부산', '중구', '영주동'),
	(469, '부산', '중구', '대창동1가'),
	(470, '부산', '중구', '대창동2가'),
	(471, '부산', '중구', '중앙동1가'),
	(472, '부산', '중구', '중앙동2가'),
	(473, '부산', '중구', '중앙동3가'),
	(474, '부산', '중구', '중앙동4가'),
	(475, '부산', '중구', '중앙동5가'),
	(476, '부산', '중구', '중앙동6가'),
	(477, '부산', '중구', '중앙동7가'),
	(478, '부산', '중구', '동광동1가'),
	(479, '부산', '중구', '동광동2가'),
	(480, '부산', '중구', '동광동3가'),
	(481, '부산', '중구', '동광동4가'),
	(482, '부산', '중구', '동광동5가'),
	(483, '부산', '중구', '대청동1가'),
	(484, '부산', '중구', '대청동2가'),
	(485, '부산', '중구', '대청동3가'),
	(486, '부산', '중구', '대청동4가'),
	(487, '부산', '중구', '보수동1가'),
	(488, '부산', '중구', '보수동2가'),
	(489, '부산', '중구', '보수동3가'),
	(490, '부산', '중구', '부평동1가'),
	(491, '부산', '중구', '부평동2가'),
	(492, '부산', '중구', '부평동3가'),
	(493, '부산', '중구', '부평동4가'),
	(494, '부산', '중구', '신창동1가'),
	(495, '부산', '중구', '신창동2가'),
	(496, '부산', '중구', '신창동3가'),
	(497, '부산', '중구', '신창동4가'),
	(498, '부산', '중구', '창선동1가'),
	(499, '부산', '중구', '창선동2가'),
	(500, '부산', '중구', '광복동1가'),
	(501, '부산', '중구', '광복동2가'),
	(502, '부산', '중구', '광복동3가'),
	(503, '부산', '중구', '남포동1가'),
	(504, '부산', '중구', '남포동2가'),
	(505, '부산', '중구', '남포동3가'),
	(506, '부산', '중구', '남포동4가'),
	(507, '부산', '중구', '남포동5가'),
	(508, '부산', '중구', '남포동6가'),
	(509, '부산', '서구', '동대신동1가'),
	(510, '부산', '서구', '동대신동2가'),
	(511, '부산', '서구', '동대신동3가'),
	(512, '부산', '서구', '서대신동1가'),
	(513, '부산', '서구', '서대신동2가'),
	(514, '부산', '서구', '서대신동3가'),
	(515, '부산', '서구', '부용동1가'),
	(516, '부산', '서구', '부용동2가'),
	(517, '부산', '서구', '부민동1가'),
	(518, '부산', '서구', '부민동2가'),
	(519, '부산', '서구', '부민동3가'),
	(520, '부산', '서구', '토성동1가'),
	(521, '부산', '서구', '토성동2가'),
	(522, '부산', '서구', '토성동3가'),
	(523, '부산', '서구', '아미동1가'),
	(524, '부산', '서구', '아미동2가'),
	(525, '부산', '서구', '토성동4가'),
	(526, '부산', '서구', '토성동5가'),
	(527, '부산', '서구', '초장동'),
	(528, '부산', '서구', '충무동1가'),
	(529, '부산', '서구', '충무동2가'),
	(530, '부산', '서구', '충무동3가'),
	(531, '부산', '서구', '남부민동'),
	(532, '부산', '서구', '암남동'),
	(533, '부산', '동구', '초량동'),
	(534, '부산', '동구', '수정동'),
	(535, '부산', '동구', '좌천동'),
	(536, '부산', '동구', '범일동'),
	(537, '부산', '영도구', '대교동1가'),
	(538, '부산', '영도구', '대교동2가'),
	(539, '부산', '영도구', '대평동1가'),
	(540, '부산', '영도구', '대평동2가'),
	(541, '부산', '영도구', '남항동1가'),
	(542, '부산', '영도구', '남항동2가'),
	(543, '부산', '영도구', '남항동3가'),
	(544, '부산', '영도구', '영선동1가'),
	(545, '부산', '영도구', '영선동2가'),
	(546, '부산', '영도구', '영선동3가'),
	(547, '부산', '영도구', '영선동4가'),
	(548, '부산', '영도구', '신선동1가'),
	(549, '부산', '영도구', '신선동2가'),
	(550, '부산', '영도구', '신선동3가'),
	(551, '부산', '영도구', '봉래동1가'),
	(552, '부산', '영도구', '봉래동2가'),
	(553, '부산', '영도구', '봉래동3가'),
	(554, '부산', '영도구', '봉래동4가'),
	(555, '부산', '영도구', '봉래동5가'),
	(556, '부산', '영도구', '청학동'),
	(557, '부산', '영도구', '동삼동'),
	(558, '부산', '부산진구', '양정동'),
	(559, '부산', '부산진구', '전포동'),
	(560, '부산', '부산진구', '부전동'),
	(561, '부산', '부산진구', '범천동'),
	(562, '부산', '부산진구', '범전동'),
	(563, '부산', '부산진구', '연지동'),
	(564, '부산', '부산진구', '초읍동'),
	(565, '부산', '부산진구', '부암동'),
	(566, '부산', '부산진구', '당감동'),
	(567, '부산', '부산진구', '가야동'),
	(568, '부산', '부산진구', '개금동'),
	(569, '부산', '동래구', '명장동'),
	(570, '부산', '동래구', '안락동'),
	(571, '부산', '동래구', '칠산동'),
	(572, '부산', '동래구', '낙민동'),
	(573, '부산', '동래구', '복천동'),
	(574, '부산', '동래구', '수안동'),
	(575, '부산', '동래구', '명륜동'),
	(576, '부산', '동래구', '온천동'),
	(577, '부산', '동래구', '사직동'),
	(578, '부산', '남구', '대연동'),
	(579, '부산', '남구', '용호동'),
	(580, '부산', '남구', '용당동'),
	(581, '부산', '남구', '문현동'),
	(582, '부산', '남구', '우암동'),
	(583, '부산', '남구', '감만동'),
	(584, '부산', '북구', '금곡동'),
	(585, '부산', '북구', '화명동'),
	(586, '부산', '북구', '만덕동'),
	(587, '부산', '북구', '덕천동'),
	(588, '부산', '북구', '구포동'),
	(589, '부산', '해운대구', '반송동'),
	(590, '부산', '해운대구', '석대동'),
	(591, '부산', '해운대구', '반여동'),
	(592, '부산', '해운대구', '재송동'),
	(593, '부산', '해운대구', '우동'),
	(594, '부산', '해운대구', '중동'),
	(595, '부산', '해운대구', '좌동'),
	(596, '부산', '해운대구', '송정동'),
	(597, '부산', '사하구', '괴정동'),
	(598, '부산', '사하구', '당리동'),
	(599, '부산', '사하구', '하단동'),
	(600, '부산', '사하구', '신평동'),
	(601, '부산', '사하구', '장림동'),
	(602, '부산', '사하구', '다대동'),
	(603, '부산', '사하구', '구평동'),
	(604, '부산', '사하구', '감천동'),
	(605, '부산', '금정구', '두구동'),
	(606, '부산', '금정구', '노포동'),
	(607, '부산', '금정구', '청룡동'),
	(608, '부산', '금정구', '남산동'),
	(609, '부산', '금정구', '선동'),
	(610, '부산', '금정구', '오륜동'),
	(611, '부산', '금정구', '구서동'),
	(612, '부산', '금정구', '장전동'),
	(613, '부산', '금정구', '부곡동'),
	(614, '부산', '금정구', '서동'),
	(615, '부산', '금정구', '금사동'),
	(616, '부산', '금정구', '회동동'),
	(617, '부산', '금정구', '금성동'),
	(618, '부산', '강서구', '대저1동'),
	(619, '부산', '강서구', '대저2동'),
	(620, '부산', '강서구', '강동동'),
	(621, '부산', '강서구', '명지동'),
	(622, '부산', '강서구', '죽림동'),
	(623, '부산', '강서구', '식만동'),
	(624, '부산', '강서구', '죽동동'),
	(625, '부산', '강서구', '봉림동'),
	(626, '부산', '강서구', '송정동'),
	(627, '부산', '강서구', '화전동'),
	(628, '부산', '강서구', '녹산동'),
	(629, '부산', '강서구', '생곡동'),
	(630, '부산', '강서구', '구랑동'),
	(631, '부산', '강서구', '지사동'),
	(632, '부산', '강서구', '미음동'),
	(633, '부산', '강서구', '범방동'),
	(634, '부산', '강서구', '신호동'),
	(635, '부산', '강서구', '동선동'),
	(636, '부산', '강서구', '성북동'),
	(637, '부산', '강서구', '눌차동'),
	(638, '부산', '강서구', '천성동'),
	(639, '부산', '강서구', '대항동'),
	(640, '부산', '연제구', '거제동'),
	(641, '부산', '연제구', '연산동'),
	(642, '부산', '수영구', '망미동'),
	(643, '부산', '수영구', '수영동'),
	(644, '부산', '수영구', '민락동'),
	(645, '부산', '수영구', '광안동'),
	(646, '부산', '수영구', '남천동'),
	(647, '부산', '사상구', '삼락동'),
	(648, '부산', '사상구', '모라동'),
	(649, '부산', '사상구', '덕포동'),
	(650, '부산', '사상구', '괘법동'),
	(651, '부산', '사상구', '감전동'),
	(652, '부산', '사상구', '주례동'),
	(653, '부산', '사상구', '학장동'),
	(654, '부산', '사상구', '엄궁동'),
	(655, '부산', '기장군', '기장읍'),
	(656, '부산', '기장군', '장안읍'),
	(657, '부산', '기장군', '정관읍'),
	(658, '부산', '기장군', '일광읍'),
	(659, '부산', '기장군', '철마면'),
	(660, '대구', '중구', '동인동1가'),
	(661, '대구', '중구', '동인동2가'),
	(662, '대구', '중구', '동인동3가'),
	(663, '대구', '중구', '동인동4가'),
	(664, '대구', '중구', '삼덕동1가'),
	(665, '대구', '중구', '삼덕동2가'),
	(666, '대구', '중구', '삼덕동3가'),
	(667, '대구', '중구', '봉산동'),
	(668, '대구', '중구', '장관동'),
	(669, '대구', '중구', '상서동'),
	(670, '대구', '중구', '수동'),
	(671, '대구', '중구', '덕산동'),
	(672, '대구', '중구', '종로1가'),
	(673, '대구', '중구', '종로2가'),
	(674, '대구', '중구', '사일동'),
	(675, '대구', '중구', '동일동'),
	(676, '대구', '중구', '남일동'),
	(677, '대구', '중구', '전동'),
	(678, '대구', '중구', '동성로3가'),
	(679, '대구', '중구', '동문동'),
	(680, '대구', '중구', '문화동'),
	(681, '대구', '중구', '공평동'),
	(682, '대구', '중구', '동성로2가'),
	(683, '대구', '중구', '태평로1가'),
	(684, '대구', '중구', '교동'),
	(685, '대구', '중구', '용덕동'),
	(686, '대구', '중구', '상덕동'),
	(687, '대구', '중구', '완전동'),
	(688, '대구', '중구', '도원동'),
	(689, '대구', '중구', '수창동'),
	(690, '대구', '중구', '태평로3가'),
	(691, '대구', '중구', '인교동'),
	(692, '대구', '중구', '서야동'),
	(693, '대구', '중구', '서성로1가'),
	(694, '대구', '중구', '시장북로'),
	(695, '대구', '중구', '하서동'),
	(696, '대구', '중구', '남성로'),
	(697, '대구', '중구', '계산동1가'),
	(698, '대구', '중구', '계산동2가'),
	(699, '대구', '중구', '동산동'),
	(700, '대구', '중구', '서문로2가'),
	(701, '대구', '중구', '서성로2가'),
	(702, '대구', '중구', '포정동'),
	(703, '대구', '중구', '서문로1가'),
	(704, '대구', '중구', '서내동'),
	(705, '대구', '중구', '북성로2가'),
	(706, '대구', '중구', '대안동'),
	(707, '대구', '중구', '동성로1가'),
	(708, '대구', '중구', '태평로2가'),
	(709, '대구', '중구', '북성로1가'),
	(710, '대구', '중구', '화전동'),
	(711, '대구', '중구', '향촌동'),
	(712, '대구', '중구', '북내동'),
	(713, '대구', '중구', '대신동'),
	(714, '대구', '중구', '달성동'),
	(715, '대구', '중구', '남산동'),
	(716, '대구', '중구', '대봉동'),
	(717, '대구', '동구', '신암동'),
	(718, '대구', '동구', '신천동'),
	(719, '대구', '동구', '효목동'),
	(720, '대구', '동구', '평광동'),
	(721, '대구', '동구', '봉무동'),
	(722, '대구', '동구', '불로동'),
	(723, '대구', '동구', '도동'),
	(724, '대구', '동구', '지저동'),
	(725, '대구', '동구', '입석동'),
	(726, '대구', '동구', '검사동'),
	(727, '대구', '동구', '방촌동'),
	(728, '대구', '동구', '둔산동'),
	(729, '대구', '동구', '부동'),
	(730, '대구', '동구', '신평동'),
	(731, '대구', '동구', '서호동'),
	(732, '대구', '동구', '동호동'),
	(733, '대구', '동구', '신기동'),
	(734, '대구', '동구', '율하동'),
	(735, '대구', '동구', '용계동'),
	(736, '대구', '동구', '율암동'),
	(737, '대구', '동구', '상매동'),
	(738, '대구', '동구', '매여동'),
	(739, '대구', '동구', '각산동'),
	(740, '대구', '동구', '신서동'),
	(741, '대구', '동구', '동내동'),
	(742, '대구', '동구', '괴전동'),
	(743, '대구', '동구', '금강동'),
	(744, '대구', '동구', '대림동'),
	(745, '대구', '동구', '사복동'),
	(746, '대구', '동구', '숙천동'),
	(747, '대구', '동구', '내곡동'),
	(748, '대구', '동구', '능성동'),
	(749, '대구', '동구', '진인동'),
	(750, '대구', '동구', '도학동'),
	(751, '대구', '동구', '백안동'),
	(752, '대구', '동구', '미곡동'),
	(753, '대구', '동구', '용수동'),
	(754, '대구', '동구', '신무동'),
	(755, '대구', '동구', '미대동'),
	(756, '대구', '동구', '내동'),
	(757, '대구', '동구', '신용동'),
	(758, '대구', '동구', '중대동'),
	(759, '대구', '동구', '송정동'),
	(760, '대구', '동구', '덕곡동'),
	(761, '대구', '동구', '지묘동'),
	(762, '대구', '서구', '내당동'),
	(763, '대구', '서구', '비산동'),
	(764, '대구', '서구', '평리동'),
	(765, '대구', '서구', '상리동'),
	(766, '대구', '서구', '중리동'),
	(767, '대구', '서구', '이현동'),
	(768, '대구', '서구', '원대동1가'),
	(769, '대구', '서구', '원대동2가'),
	(770, '대구', '서구', '원대동3가'),
	(771, '대구', '남구', '이천동'),
	(772, '대구', '남구', '봉덕동'),
	(773, '대구', '남구', '대명동'),
	(774, '대구', '북구', '칠성동1가'),
	(775, '대구', '북구', '칠성동2가'),
	(776, '대구', '북구', '고성동1가'),
	(777, '대구', '북구', '고성동2가'),
	(778, '대구', '북구', '고성동3가'),
	(779, '대구', '북구', '침산동'),
	(780, '대구', '북구', '노원동1가'),
	(781, '대구', '북구', '노원동2가'),
	(782, '대구', '북구', '노원동3가'),
	(783, '대구', '북구', '대현동'),
	(784, '대구', '북구', '산격동'),
	(785, '대구', '북구', '복현동'),
	(786, '대구', '북구', '검단동'),
	(787, '대구', '북구', '동변동'),
	(788, '대구', '북구', '서변동'),
	(789, '대구', '북구', '조야동'),
	(790, '대구', '북구', '노곡동'),
	(791, '대구', '북구', '읍내동'),
	(792, '대구', '북구', '동호동'),
	(793, '대구', '북구', '학정동'),
	(794, '대구', '북구', '도남동'),
	(795, '대구', '북구', '국우동'),
	(796, '대구', '북구', '구암동'),
	(797, '대구', '북구', '동천동'),
	(798, '대구', '북구', '관음동'),
	(799, '대구', '북구', '태전동'),
	(800, '대구', '북구', '매천동'),
	(801, '대구', '북구', '팔달동'),
	(802, '대구', '북구', '금호동'),
	(803, '대구', '북구', '사수동'),
	(804, '대구', '북구', '연경동'),
	(805, '대구', '수성구', '범어동'),
	(806, '대구', '수성구', '만촌동'),
	(807, '대구', '수성구', '수성동1가'),
	(808, '대구', '수성구', '수성동2가'),
	(809, '대구', '수성구', '수성동3가'),
	(810, '대구', '수성구', '수성동4가'),
	(811, '대구', '수성구', '황금동'),
	(812, '대구', '수성구', '중동'),
	(813, '대구', '수성구', '상동'),
	(814, '대구', '수성구', '파동'),
	(815, '대구', '수성구', '두산동'),
	(816, '대구', '수성구', '지산동'),
	(817, '대구', '수성구', '범물동'),
	(818, '대구', '수성구', '시지동'),
	(819, '대구', '수성구', '매호동'),
	(820, '대구', '수성구', '성동'),
	(821, '대구', '수성구', '사월동'),
	(822, '대구', '수성구', '신매동'),
	(823, '대구', '수성구', '욱수동'),
	(824, '대구', '수성구', '노변동'),
	(825, '대구', '수성구', '삼덕동'),
	(826, '대구', '수성구', '연호동'),
	(827, '대구', '수성구', '이천동'),
	(828, '대구', '수성구', '고모동'),
	(829, '대구', '수성구', '가천동'),
	(830, '대구', '수성구', '대흥동'),
	(831, '대구', '달서구', '성당동'),
	(832, '대구', '달서구', '두류동'),
	(833, '대구', '달서구', '파호동'),
	(834, '대구', '달서구', '호림동'),
	(835, '대구', '달서구', '갈산동'),
	(836, '대구', '달서구', '신당동'),
	(837, '대구', '달서구', '이곡동'),
	(838, '대구', '달서구', '장동'),
	(839, '대구', '달서구', '장기동'),
	(840, '대구', '달서구', '용산동'),
	(841, '대구', '달서구', '죽전동'),
	(842, '대구', '달서구', '감삼동'),
	(843, '대구', '달서구', '본리동'),
	(844, '대구', '달서구', '상인동'),
	(845, '대구', '달서구', '도원동'),
	(846, '대구', '달서구', '진천동'),
	(847, '대구', '달서구', '유천동'),
	(848, '대구', '달서구', '대천동'),
	(849, '대구', '달서구', '월성동'),
	(850, '대구', '달서구', '월암동'),
	(851, '대구', '달서구', '송현동'),
	(852, '대구', '달서구', '대곡동'),
	(853, '대구', '달서구', '본동'),
	(854, '대구', '달서구', '호산동'),
	(855, '대구', '달성군', '화원읍'),
	(856, '대구', '달성군', '논공읍'),
	(857, '대구', '달성군', '다사읍'),
	(858, '대구', '달성군', '유가읍'),
	(859, '대구', '달성군', '옥포읍'),
	(860, '대구', '달성군', '현풍읍'),
	(861, '대구', '달성군', '가창면'),
	(862, '대구', '달성군', '하빈면'),
	(863, '대구', '달성군', '구지면'),
	(864, '대구', '군위군', '군위읍'),
	(865, '대구', '군위군', '소보면'),
	(866, '대구', '군위군', '효령면'),
	(867, '대구', '군위군', '부계면'),
	(868, '대구', '군위군', '우보면'),
	(869, '대구', '군위군', '의흥면'),
	(870, '대구', '군위군', '산성면'),
	(871, '대구', '군위군', '삼국유사면'),
	(872, '인천', '중구', '중앙동1가'),
	(873, '인천', '중구', '중앙동2가'),
	(874, '인천', '중구', '중앙동3가'),
	(875, '인천', '중구', '중앙동4가'),
	(876, '인천', '중구', '해안동1가'),
	(877, '인천', '중구', '해안동2가'),
	(878, '인천', '중구', '해안동3가'),
	(879, '인천', '중구', '해안동4가'),
	(880, '인천', '중구', '관동1가'),
	(881, '인천', '중구', '관동2가'),
	(882, '인천', '중구', '관동3가'),
	(883, '인천', '중구', '항동1가'),
	(884, '인천', '중구', '항동2가'),
	(885, '인천', '중구', '항동3가'),
	(886, '인천', '중구', '항동4가'),
	(887, '인천', '중구', '항동5가'),
	(888, '인천', '중구', '항동6가'),
	(889, '인천', '중구', '항동7가'),
	(890, '인천', '중구', '송학동1가'),
	(891, '인천', '중구', '송학동2가'),
	(892, '인천', '중구', '송학동3가'),
	(893, '인천', '중구', '사동'),
	(894, '인천', '중구', '신생동'),
	(895, '인천', '중구', '신포동'),
	(896, '인천', '중구', '답동'),
	(897, '인천', '중구', '신흥동1가'),
	(898, '인천', '중구', '신흥동2가'),
	(899, '인천', '중구', '신흥동3가'),
	(900, '인천', '중구', '선화동'),
	(901, '인천', '중구', '유동'),
	(902, '인천', '중구', '율목동'),
	(903, '인천', '중구', '도원동'),
	(904, '인천', '중구', '내동'),
	(905, '인천', '중구', '경동'),
	(906, '인천', '중구', '용동'),
	(907, '인천', '중구', '인현동'),
	(908, '인천', '중구', '전동'),
	(909, '인천', '중구', '북성동1가'),
	(910, '인천', '중구', '북성동2가'),
	(911, '인천', '중구', '북성동3가'),
	(912, '인천', '중구', '선린동'),
	(913, '인천', '중구', '송월동1가'),
	(914, '인천', '중구', '송월동2가'),
	(915, '인천', '중구', '송월동3가'),
	(916, '인천', '중구', '중산동'),
	(917, '인천', '중구', '운남동'),
	(918, '인천', '중구', '운서동'),
	(919, '인천', '중구', '운북동'),
	(920, '인천', '중구', '을왕동'),
	(921, '인천', '중구', '남북동'),
	(922, '인천', '중구', '덕교동'),
	(923, '인천', '중구', '무의동'),
	(924, '인천', '동구', '만석동'),
	(925, '인천', '동구', '화수동'),
	(926, '인천', '동구', '송현동'),
	(927, '인천', '동구', '화평동'),
	(928, '인천', '동구', '창영동'),
	(929, '인천', '동구', '금곡동'),
	(930, '인천', '동구', '송림동'),
	(931, '인천', '미추홀구', '숭의동'),
	(932, '인천', '미추홀구', '용현동'),
	(933, '인천', '미추홀구', '학익동'),
	(934, '인천', '미추홀구', '도화동'),
	(935, '인천', '미추홀구', '주안동'),
	(936, '인천', '미추홀구', '관교동'),
	(937, '인천', '미추홀구', '문학동'),
	(938, '인천', '연수구', '옥련동'),
	(939, '인천', '연수구', '선학동'),
	(940, '인천', '연수구', '연수동'),
	(941, '인천', '연수구', '청학동'),
	(942, '인천', '연수구', '동춘동'),
	(943, '인천', '연수구', '송도동'),
	(944, '인천', '남동구', '구월동'),
	(945, '인천', '남동구', '간석동'),
	(946, '인천', '남동구', '만수동'),
	(947, '인천', '남동구', '장수동'),
	(948, '인천', '남동구', '서창동'),
	(949, '인천', '남동구', '운연동'),
	(950, '인천', '남동구', '남촌동'),
	(951, '인천', '남동구', '수산동'),
	(952, '인천', '남동구', '도림동'),
	(953, '인천', '남동구', '논현동'),
	(954, '인천', '남동구', '고잔동'),
	(955, '인천', '부평구', '부평동'),
	(956, '인천', '부평구', '십정동'),
	(957, '인천', '부평구', '산곡동'),
	(958, '인천', '부평구', '청천동'),
	(959, '인천', '부평구', '삼산동'),
	(960, '인천', '부평구', '갈산동'),
	(961, '인천', '부평구', '부개동'),
	(962, '인천', '부평구', '일신동'),
	(963, '인천', '부평구', '구산동'),
	(964, '인천', '계양구', '효성동'),
	(965, '인천', '계양구', '계산동'),
	(966, '인천', '계양구', '작전동'),
	(967, '인천', '계양구', '서운동'),
	(968, '인천', '계양구', '임학동'),
	(969, '인천', '계양구', '용종동'),
	(970, '인천', '계양구', '병방동'),
	(971, '인천', '계양구', '방축동'),
	(972, '인천', '계양구', '박촌동'),
	(973, '인천', '계양구', '동양동'),
	(974, '인천', '계양구', '귤현동'),
	(975, '인천', '계양구', '상야동'),
	(976, '인천', '계양구', '하야동'),
	(977, '인천', '계양구', '평동'),
	(978, '인천', '계양구', '노오지동'),
	(979, '인천', '계양구', '선주지동'),
	(980, '인천', '계양구', '이화동'),
	(981, '인천', '계양구', '오류동'),
	(982, '인천', '계양구', '갈현동'),
	(983, '인천', '계양구', '둑실동'),
	(984, '인천', '계양구', '목상동'),
	(985, '인천', '계양구', '다남동'),
	(986, '인천', '계양구', '장기동'),
	(987, '인천', '서구', '백석동'),
	(988, '인천', '서구', '시천동'),
	(989, '인천', '서구', '검암동'),
	(990, '인천', '서구', '경서동'),
	(991, '인천', '서구', '공촌동'),
	(992, '인천', '서구', '연희동'),
	(993, '인천', '서구', '심곡동'),
	(994, '인천', '서구', '가정동'),
	(995, '인천', '서구', '신현동'),
	(996, '인천', '서구', '석남동'),
	(997, '인천', '서구', '원창동'),
	(998, '인천', '서구', '가좌동'),
	(999, '인천', '서구', '마전동'),
	(1000, '인천', '서구', '당하동'),
	(1001, '인천', '서구', '원당동'),
	(1002, '인천', '서구', '대곡동'),
	(1003, '인천', '서구', '금곡동'),
	(1004, '인천', '서구', '오류동'),
	(1005, '인천', '서구', '왕길동'),
	(1006, '인천', '서구', '불로동'),
	(1007, '인천', '서구', '청라동'),
	(1008, '인천', '강화군', '강화읍'),
	(1009, '인천', '강화군', '선원면'),
	(1010, '인천', '강화군', '불은면'),
	(1011, '인천', '강화군', '길상면'),
	(1012, '인천', '강화군', '화도면'),
	(1013, '인천', '강화군', '양도면'),
	(1014, '인천', '강화군', '내가면'),
	(1015, '인천', '강화군', '하점면'),
	(1016, '인천', '강화군', '양사면'),
	(1017, '인천', '강화군', '송해면'),
	(1018, '인천', '강화군', '교동면'),
	(1019, '인천', '강화군', '삼산면'),
	(1020, '인천', '강화군', '서도면'),
	(1021, '인천', '옹진군', '북도면'),
	(1022, '인천', '옹진군', '백령면'),
	(1023, '인천', '옹진군', '대청면'),
	(1024, '인천', '옹진군', '덕적면'),
	(1025, '인천', '옹진군', '영흥면'),
	(1026, '인천', '옹진군', '자월면'),
	(1027, '인천', '옹진군', '연평면'),
	(1028, '광주', '동구', '대인동'),
	(1029, '광주', '동구', '금남로5가'),
	(1030, '광주', '동구', '충장로5가'),
	(1031, '광주', '동구', '수기동'),
	(1032, '광주', '동구', '대의동'),
	(1033, '광주', '동구', '궁동'),
	(1034, '광주', '동구', '장동'),
	(1035, '광주', '동구', '동명동'),
	(1036, '광주', '동구', '계림동'),
	(1037, '광주', '동구', '산수동'),
	(1038, '광주', '동구', '지산동'),
	(1039, '광주', '동구', '남동'),
	(1040, '광주', '동구', '광산동'),
	(1041, '광주', '동구', '금동'),
	(1042, '광주', '동구', '호남동'),
	(1043, '광주', '동구', '불로동'),
	(1044, '광주', '동구', '황금동'),
	(1045, '광주', '동구', '서석동'),
	(1046, '광주', '동구', '소태동'),
	(1047, '광주', '동구', '용연동'),
	(1048, '광주', '동구', '운림동'),
	(1049, '광주', '동구', '학동'),
	(1050, '광주', '동구', '월남동'),
	(1051, '광주', '동구', '선교동'),
	(1052, '광주', '동구', '내남동'),
	(1053, '광주', '동구', '용산동'),
	(1054, '광주', '동구', '충장로1가'),
	(1055, '광주', '동구', '충장로2가'),
	(1056, '광주', '동구', '충장로3가'),
	(1057, '광주', '동구', '충장로4가'),
	(1058, '광주', '동구', '금남로1가'),
	(1059, '광주', '동구', '금남로2가'),
	(1060, '광주', '동구', '금남로3가'),
	(1061, '광주', '동구', '금남로4가'),
	(1062, '광주', '서구', '양동'),
	(1063, '광주', '서구', '농성동'),
	(1064, '광주', '서구', '광천동'),
	(1065, '광주', '서구', '유촌동'),
	(1066, '광주', '서구', '덕흥동'),
	(1067, '광주', '서구', '쌍촌동'),
	(1068, '광주', '서구', '화정동'),
	(1069, '광주', '서구', '치평동'),
	(1070, '광주', '서구', '내방동'),
	(1071, '광주', '서구', '서창동'),
	(1072, '광주', '서구', '세하동'),
	(1073, '광주', '서구', '용두동'),
	(1074, '광주', '서구', '풍암동'),
	(1075, '광주', '서구', '벽진동'),
	(1076, '광주', '서구', '금호동'),
	(1077, '광주', '서구', '마륵동'),
	(1078, '광주', '서구', '매월동'),
	(1079, '광주', '서구', '동천동'),
	(1080, '광주', '남구', '사동'),
	(1081, '광주', '남구', '구동'),
	(1082, '광주', '남구', '서동'),
	(1083, '광주', '남구', '월산동'),
	(1084, '광주', '남구', '백운동'),
	(1085, '광주', '남구', '주월동'),
	(1086, '광주', '남구', '노대동'),
	(1087, '광주', '남구', '진월동'),
	(1088, '광주', '남구', '덕남동'),
	(1089, '광주', '남구', '행암동'),
	(1090, '광주', '남구', '임암동'),
	(1091, '광주', '남구', '송하동'),
	(1092, '광주', '남구', '양림동'),
	(1093, '광주', '남구', '방림동'),
	(1094, '광주', '남구', '봉선동'),
	(1095, '광주', '남구', '구소동'),
	(1096, '광주', '남구', '양촌동'),
	(1097, '광주', '남구', '도금동'),
	(1098, '광주', '남구', '승촌동'),
	(1099, '광주', '남구', '지석동'),
	(1100, '광주', '남구', '압촌동'),
	(1101, '광주', '남구', '화장동'),
	(1102, '광주', '남구', '칠석동'),
	(1103, '광주', '남구', '석정동'),
	(1104, '광주', '남구', '신장동'),
	(1105, '광주', '남구', '양과동'),
	(1106, '광주', '남구', '이장동'),
	(1107, '광주', '남구', '대지동'),
	(1108, '광주', '남구', '원산동'),
	(1109, '광주', '남구', '월성동'),
	(1110, '광주', '북구', '중흥동'),
	(1111, '광주', '북구', '유동'),
	(1112, '광주', '북구', '누문동'),
	(1113, '광주', '북구', '북동'),
	(1114, '광주', '북구', '임동'),
	(1115, '광주', '북구', '신안동'),
	(1116, '광주', '북구', '용봉동'),
	(1117, '광주', '북구', '동림동'),
	(1118, '광주', '북구', '운암동'),
	(1119, '광주', '북구', '우산동'),
	(1120, '광주', '북구', '풍향동'),
	(1121, '광주', '북구', '문흥동'),
	(1122, '광주', '북구', '각화동'),
	(1123, '광주', '북구', '두암동'),
	(1124, '광주', '북구', '오치동'),
	(1125, '광주', '북구', '삼각동'),
	(1126, '광주', '북구', '매곡동'),
	(1127, '광주', '북구', '충효동'),
	(1128, '광주', '북구', '덕의동'),
	(1129, '광주', '북구', '금곡동'),
	(1130, '광주', '북구', '망월동'),
	(1131, '광주', '북구', '청풍동'),
	(1132, '광주', '북구', '화암동'),
	(1133, '광주', '북구', '장등동'),
	(1134, '광주', '북구', '운정동'),
	(1135, '광주', '북구', '본촌동'),
	(1136, '광주', '북구', '일곡동'),
	(1137, '광주', '북구', '양산동'),
	(1138, '광주', '북구', '연제동'),
	(1139, '광주', '북구', '신용동'),
	(1140, '광주', '북구', '용두동'),
	(1141, '광주', '북구', '지야동'),
	(1142, '광주', '북구', '태령동'),
	(1143, '광주', '북구', '수곡동'),
	(1144, '광주', '북구', '효령동'),
	(1145, '광주', '북구', '용전동'),
	(1146, '광주', '북구', '용강동'),
	(1147, '광주', '북구', '생용동'),
	(1148, '광주', '북구', '월출동'),
	(1149, '광주', '북구', '대촌동'),
	(1150, '광주', '북구', '오룡동'),
	(1151, '광주', '광산구', '송정동'),
	(1152, '광주', '광산구', '도산동'),
	(1153, '광주', '광산구', '도호동'),
	(1154, '광주', '광산구', '신촌동'),
	(1155, '광주', '광산구', '서봉동'),
	(1156, '광주', '광산구', '운수동'),
	(1157, '광주', '광산구', '선암동'),
	(1158, '광주', '광산구', '소촌동'),
	(1159, '광주', '광산구', '우산동'),
	(1160, '광주', '광산구', '황룡동'),
	(1161, '광주', '광산구', '박호동'),
	(1162, '광주', '광산구', '비아동'),
	(1163, '광주', '광산구', '도천동'),
	(1164, '광주', '광산구', '수완동'),
	(1165, '광주', '광산구', '월계동'),
	(1166, '광주', '광산구', '쌍암동'),
	(1167, '광주', '광산구', '산월동'),
	(1168, '광주', '광산구', '신창동'),
	(1169, '광주', '광산구', '신가동'),
	(1170, '광주', '광산구', '운남동'),
	(1171, '광주', '광산구', '안청동'),
	(1172, '광주', '광산구', '진곡동'),
	(1173, '광주', '광산구', '장덕동'),
	(1174, '광주', '광산구', '흑석동'),
	(1175, '광주', '광산구', '하남동'),
	(1176, '광주', '광산구', '장수동'),
	(1177, '광주', '광산구', '산정동'),
	(1178, '광주', '광산구', '월곡동'),
	(1179, '광주', '광산구', '등임동'),
	(1180, '광주', '광산구', '산막동'),
	(1181, '광주', '광산구', '고룡동'),
	(1182, '광주', '광산구', '신룡동'),
	(1183, '광주', '광산구', '두정동'),
	(1184, '광주', '광산구', '임곡동'),
	(1185, '광주', '광산구', '광산동'),
	(1186, '광주', '광산구', '오산동'),
	(1187, '광주', '광산구', '사호동'),
	(1188, '광주', '광산구', '하산동'),
	(1189, '광주', '광산구', '유계동'),
	(1190, '광주', '광산구', '본덕동'),
	(1191, '광주', '광산구', '용봉동'),
	(1192, '광주', '광산구', '요기동'),
	(1193, '광주', '광산구', '복룡동'),
	(1194, '광주', '광산구', '송대동'),
	(1195, '광주', '광산구', '옥동'),
	(1196, '광주', '광산구', '월전동'),
	(1197, '광주', '광산구', '장록동'),
	(1198, '광주', '광산구', '송촌동'),
	(1199, '광주', '광산구', '지죽동'),
	(1200, '광주', '광산구', '용동'),
	(1201, '광주', '광산구', '용곡동'),
	(1202, '광주', '광산구', '지정동'),
	(1203, '광주', '광산구', '명화동'),
	(1204, '광주', '광산구', '동산동'),
	(1205, '광주', '광산구', '연산동'),
	(1206, '광주', '광산구', '도덕동'),
	(1207, '광주', '광산구', '송산동'),
	(1208, '광주', '광산구', '지평동'),
	(1209, '광주', '광산구', '오운동'),
	(1210, '광주', '광산구', '삼거동'),
	(1211, '광주', '광산구', '양동'),
	(1212, '광주', '광산구', '내산동'),
	(1213, '광주', '광산구', '대산동'),
	(1214, '광주', '광산구', '송학동'),
	(1215, '광주', '광산구', '신동'),
	(1216, '광주', '광산구', '삼도동'),
	(1217, '광주', '광산구', '남산동'),
	(1218, '광주', '광산구', '송치동'),
	(1219, '광주', '광산구', '산수동'),
	(1220, '광주', '광산구', '선동'),
	(1221, '광주', '광산구', '지산동'),
	(1222, '광주', '광산구', '왕동'),
	(1223, '광주', '광산구', '북산동'),
	(1224, '광주', '광산구', '명도동'),
	(1225, '광주', '광산구', '동호동'),
	(1226, '광주', '광산구', '덕림동'),
	(1227, '광주', '광산구', '양산동'),
	(1228, '광주', '광산구', '동림동'),
	(1229, '광주', '광산구', '오선동'),
	(1230, '대전', '동구', '원동'),
	(1231, '대전', '동구', '인동'),
	(1232, '대전', '동구', '효동'),
	(1233, '대전', '동구', '천동'),
	(1234, '대전', '동구', '가오동'),
	(1235, '대전', '동구', '신흥동'),
	(1236, '대전', '동구', '판암동'),
	(1237, '대전', '동구', '삼정동'),
	(1238, '대전', '동구', '용운동'),
	(1239, '대전', '동구', '대동'),
	(1240, '대전', '동구', '자양동'),
	(1241, '대전', '동구', '신안동'),
	(1242, '대전', '동구', '소제동'),
	(1243, '대전', '동구', '가양동'),
	(1244, '대전', '동구', '용전동'),
	(1245, '대전', '동구', '성남동'),
	(1246, '대전', '동구', '홍도동'),
	(1247, '대전', '동구', '삼성동'),
	(1248, '대전', '동구', '정동'),
	(1249, '대전', '동구', '중동'),
	(1250, '대전', '동구', '추동'),
	(1251, '대전', '동구', '비룡동'),
	(1252, '대전', '동구', '주산동'),
	(1253, '대전', '동구', '용계동'),
	(1254, '대전', '동구', '마산동'),
	(1255, '대전', '동구', '효평동'),
	(1256, '대전', '동구', '직동'),
	(1257, '대전', '동구', '세천동'),
	(1258, '대전', '동구', '신상동'),
	(1259, '대전', '동구', '신하동'),
	(1260, '대전', '동구', '신촌동'),
	(1261, '대전', '동구', '사성동'),
	(1262, '대전', '동구', '내탑동'),
	(1263, '대전', '동구', '오동'),
	(1264, '대전', '동구', '주촌동'),
	(1265, '대전', '동구', '낭월동'),
	(1266, '대전', '동구', '대별동'),
	(1267, '대전', '동구', '이사동'),
	(1268, '대전', '동구', '대성동'),
	(1269, '대전', '동구', '장척동'),
	(1270, '대전', '동구', '소호동'),
	(1271, '대전', '동구', '구도동'),
	(1272, '대전', '동구', '삼괴동'),
	(1273, '대전', '동구', '상소동'),
	(1274, '대전', '동구', '하소동'),
	(1275, '대전', '중구', '은행동'),
	(1276, '대전', '중구', '선화동'),
	(1277, '대전', '중구', '목동'),
	(1278, '대전', '중구', '중촌동'),
	(1279, '대전', '중구', '대흥동'),
	(1280, '대전', '중구', '문창동'),
	(1281, '대전', '중구', '석교동'),
	(1282, '대전', '중구', '호동'),
	(1283, '대전', '중구', '옥계동'),
	(1284, '대전', '중구', '대사동'),
	(1285, '대전', '중구', '부사동'),
	(1286, '대전', '중구', '용두동'),
	(1287, '대전', '중구', '오류동'),
	(1288, '대전', '중구', '태평동'),
	(1289, '대전', '중구', '유천동'),
	(1290, '대전', '중구', '문화동'),
	(1291, '대전', '중구', '산성동'),
	(1292, '대전', '중구', '사정동'),
	(1293, '대전', '중구', '안영동'),
	(1294, '대전', '중구', '무수동'),
	(1295, '대전', '중구', '구완동'),
	(1296, '대전', '중구', '침산동'),
	(1297, '대전', '중구', '목달동'),
	(1298, '대전', '중구', '정생동'),
	(1299, '대전', '중구', '어남동'),
	(1300, '대전', '중구', '금동'),
	(1301, '대전', '서구', '복수동'),
	(1302, '대전', '서구', '변동'),
	(1303, '대전', '서구', '도마동'),
	(1304, '대전', '서구', '정림동'),
	(1305, '대전', '서구', '용문동'),
	(1306, '대전', '서구', '탄방동'),
	(1307, '대전', '서구', '괴정동'),
	(1308, '대전', '서구', '가장동'),
	(1309, '대전', '서구', '내동'),
	(1310, '대전', '서구', '갈마동'),
	(1311, '대전', '서구', '둔산동'),
	(1312, '대전', '서구', '월평동'),
	(1313, '대전', '서구', '가수원동'),
	(1314, '대전', '서구', '도안동'),
	(1315, '대전', '서구', '관저동'),
	(1316, '대전', '서구', '흑석동'),
	(1317, '대전', '서구', '매노동'),
	(1318, '대전', '서구', '산직동'),
	(1319, '대전', '서구', '장안동'),
	(1320, '대전', '서구', '평촌동'),
	(1321, '대전', '서구', '오동'),
	(1322, '대전', '서구', '우명동'),
	(1323, '대전', '서구', '원정동'),
	(1324, '대전', '서구', '용촌동'),
	(1325, '대전', '서구', '봉곡동'),
	(1326, '대전', '서구', '괴곡동'),
	(1327, '대전', '서구', '만년동'),
	(1328, '대전', '유성구', '원내동'),
	(1329, '대전', '유성구', '교촌동'),
	(1330, '대전', '유성구', '대정동'),
	(1331, '대전', '유성구', '용계동'),
	(1332, '대전', '유성구', '학하동'),
	(1333, '대전', '유성구', '계산동'),
	(1334, '대전', '유성구', '성북동'),
	(1335, '대전', '유성구', '세동'),
	(1336, '대전', '유성구', '송정동'),
	(1337, '대전', '유성구', '방동'),
	(1338, '대전', '유성구', '봉명동'),
	(1339, '대전', '유성구', '구암동'),
	(1340, '대전', '유성구', '덕명동'),
	(1341, '대전', '유성구', '원신흥동'),
	(1342, '대전', '유성구', '상대동'),
	(1343, '대전', '유성구', '복용동'),
	(1344, '대전', '유성구', '장대동'),
	(1345, '대전', '유성구', '갑동'),
	(1346, '대전', '유성구', '노은동'),
	(1347, '대전', '유성구', '지족동'),
	(1348, '대전', '유성구', '죽동'),
	(1349, '대전', '유성구', '궁동'),
	(1350, '대전', '유성구', '어은동'),
	(1351, '대전', '유성구', '구성동'),
	(1352, '대전', '유성구', '신성동'),
	(1353, '대전', '유성구', '가정동'),
	(1354, '대전', '유성구', '도룡동'),
	(1355, '대전', '유성구', '장동'),
	(1356, '대전', '유성구', '방현동'),
	(1357, '대전', '유성구', '화암동'),
	(1358, '대전', '유성구', '덕진동'),
	(1359, '대전', '유성구', '하기동'),
	(1360, '대전', '유성구', '추목동'),
	(1361, '대전', '유성구', '자운동'),
	(1362, '대전', '유성구', '신봉동'),
	(1363, '대전', '유성구', '수남동'),
	(1364, '대전', '유성구', '안산동'),
	(1365, '대전', '유성구', '외삼동'),
	(1366, '대전', '유성구', '반석동'),
	(1367, '대전', '유성구', '문지동'),
	(1368, '대전', '유성구', '전민동'),
	(1369, '대전', '유성구', '원촌동'),
	(1370, '대전', '유성구', '탑립동'),
	(1371, '대전', '유성구', '용산동'),
	(1372, '대전', '유성구', '봉산동'),
	(1373, '대전', '유성구', '관평동'),
	(1374, '대전', '유성구', '송강동'),
	(1375, '대전', '유성구', '금고동'),
	(1376, '대전', '유성구', '대동'),
	(1377, '대전', '유성구', '금탄동'),
	(1378, '대전', '유성구', '신동'),
	(1379, '대전', '유성구', '둔곡동'),
	(1380, '대전', '유성구', '구룡동'),
	(1381, '대전', '대덕구', '오정동'),
	(1382, '대전', '대덕구', '대화동'),
	(1383, '대전', '대덕구', '읍내동'),
	(1384, '대전', '대덕구', '연축동'),
	(1385, '대전', '대덕구', '신대동'),
	(1386, '대전', '대덕구', '와동'),
	(1387, '대전', '대덕구', '송촌동'),
	(1388, '대전', '대덕구', '법동'),
	(1389, '대전', '대덕구', '중리동'),
	(1390, '대전', '대덕구', '비래동'),
	(1391, '대전', '대덕구', '석봉동'),
	(1392, '대전', '대덕구', '목상동'),
	(1393, '대전', '대덕구', '문평동'),
	(1394, '대전', '대덕구', '신일동'),
	(1395, '대전', '대덕구', '덕암동'),
	(1396, '대전', '대덕구', '상서동'),
	(1397, '대전', '대덕구', '평촌동'),
	(1398, '대전', '대덕구', '장동'),
	(1399, '대전', '대덕구', '용호동'),
	(1400, '대전', '대덕구', '이현동'),
	(1401, '대전', '대덕구', '갈전동'),
	(1402, '대전', '대덕구', '부수동'),
	(1403, '대전', '대덕구', '황호동'),
	(1404, '대전', '대덕구', '삼정동'),
	(1405, '대전', '대덕구', '미호동'),
	(1406, '대전', '대덕구', '신탄진동'),
	(1407, '울산', '중구', '학성동'),
	(1408, '울산', '중구', '학산동'),
	(1409, '울산', '중구', '복산동'),
	(1410, '울산', '중구', '북정동'),
	(1411, '울산', '중구', '옥교동'),
	(1412, '울산', '중구', '성남동'),
	(1413, '울산', '중구', '교동'),
	(1414, '울산', '중구', '우정동'),
	(1415, '울산', '중구', '성안동'),
	(1416, '울산', '중구', '유곡동'),
	(1417, '울산', '중구', '태화동'),
	(1418, '울산', '중구', '다운동'),
	(1419, '울산', '중구', '동동'),
	(1420, '울산', '중구', '서동'),
	(1421, '울산', '중구', '남외동'),
	(1422, '울산', '중구', '장현동'),
	(1423, '울산', '중구', '약사동'),
	(1424, '울산', '중구', '반구동'),
	(1425, '울산', '남구', '무거동'),
	(1426, '울산', '남구', '옥동'),
	(1427, '울산', '남구', '두왕동'),
	(1428, '울산', '남구', '신정동'),
	(1429, '울산', '남구', '달동'),
	(1430, '울산', '남구', '삼산동'),
	(1431, '울산', '남구', '여천동'),
	(1432, '울산', '남구', '야음동'),
	(1433, '울산', '남구', '선암동'),
	(1434, '울산', '남구', '상개동'),
	(1435, '울산', '남구', '부곡동'),
	(1436, '울산', '남구', '고사동'),
	(1437, '울산', '남구', '성암동'),
	(1438, '울산', '남구', '황성동'),
	(1439, '울산', '남구', '용연동'),
	(1440, '울산', '남구', '남화동'),
	(1441, '울산', '남구', '용잠동'),
	(1442, '울산', '남구', '장생포동'),
	(1443, '울산', '남구', '매암동'),
	(1444, '울산', '동구', '방어동'),
	(1445, '울산', '동구', '화정동'),
	(1446, '울산', '동구', '일산동'),
	(1447, '울산', '동구', '전하동'),
	(1448, '울산', '동구', '미포동'),
	(1449, '울산', '동구', '주전동'),
	(1450, '울산', '동구', '동부동'),
	(1451, '울산', '동구', '서부동'),
	(1452, '울산', '북구', '창평동'),
	(1453, '울산', '북구', '호계동'),
	(1454, '울산', '북구', '매곡동'),
	(1455, '울산', '북구', '가대동'),
	(1456, '울산', '북구', '신천동'),
	(1457, '울산', '북구', '중산동'),
	(1458, '울산', '북구', '상안동'),
	(1459, '울산', '북구', '천곡동'),
	(1460, '울산', '북구', '달천동'),
	(1461, '울산', '북구', '시례동'),
	(1462, '울산', '북구', '무룡동'),
	(1463, '울산', '북구', '구유동'),
	(1464, '울산', '북구', '정자동'),
	(1465, '울산', '북구', '신명동'),
	(1466, '울산', '북구', '대안동'),
	(1467, '울산', '북구', '당사동'),
	(1468, '울산', '북구', '신현동'),
	(1469, '울산', '북구', '산하동'),
	(1470, '울산', '북구', '어물동'),
	(1471, '울산', '북구', '명촌동'),
	(1472, '울산', '북구', '진장동'),
	(1473, '울산', '북구', '연암동'),
	(1474, '울산', '북구', '효문동'),
	(1475, '울산', '북구', '양정동'),
	(1476, '울산', '북구', '화봉동'),
	(1477, '울산', '북구', '송정동'),
	(1478, '울산', '북구', '염포동'),
	(1479, '울산', '울주군', '온산읍'),
	(1480, '울산', '울주군', '언양읍'),
	(1481, '울산', '울주군', '온양읍'),
	(1482, '울산', '울주군', '범서읍'),
	(1483, '울산', '울주군', '청량읍'),
	(1484, '울산', '울주군', '삼남읍'),
	(1485, '울산', '울주군', '서생면'),
	(1486, '울산', '울주군', '웅촌면'),
	(1487, '울산', '울주군', '두동면'),
	(1488, '울산', '울주군', '두서면'),
	(1489, '울산', '울주군', '상북면'),
	(1490, '울산', '울주군', '삼동면'),
	(1491, '세종', '세종', '반곡동'),
	(1492, '세종', '세종', '소담동'),
	(1493, '세종', '세종', '보람동'),
	(1494, '세종', '세종', '대평동'),
	(1495, '세종', '세종', '가람동'),
	(1496, '세종', '세종', '한솔동'),
	(1497, '세종', '세종', '나성동'),
	(1498, '세종', '세종', '새롬동'),
	(1499, '세종', '세종', '다정동'),
	(1500, '세종', '세종', '어진동'),
	(1501, '세종', '세종', '종촌동'),
	(1502, '세종', '세종', '고운동'),
	(1503, '세종', '세종', '아름동'),
	(1504, '세종', '세종', '도담동'),
	(1505, '세종', '세종', '산울동'),
	(1506, '세종', '세종', '해밀동'),
	(1507, '세종', '세종', '합강동'),
	(1508, '세종', '세종', '집현동'),
	(1509, '세종', '세종', '세종동'),
	(1510, '세종', '세종', '누리동'),
	(1511, '세종', '세종', '한별동'),
	(1512, '세종', '세종', '다솜동'),
	(1513, '세종', '세종', '용호동'),
	(1514, '세종', '세종', '조치원읍'),
	(1515, '세종', '세종', '연기면'),
	(1516, '세종', '세종', '연동면'),
	(1517, '세종', '세종', '부강면'),
	(1518, '세종', '세종', '금남면'),
	(1519, '세종', '세종', '장군면'),
	(1520, '세종', '세종', '연서면'),
	(1521, '세종', '세종', '전의면'),
	(1522, '세종', '세종', '전동면'),
	(1523, '세종', '세종', '소정면'),
	(1524, '경기', '수원시 장안구', '파장동'),
	(1525, '경기', '수원시 장안구', '정자동'),
	(1526, '경기', '수원시 장안구', '이목동'),
	(1527, '경기', '수원시 장안구', '율전동'),
	(1528, '경기', '수원시 장안구', '천천동'),
	(1529, '경기', '수원시 장안구', '영화동'),
	(1530, '경기', '수원시 장안구', '송죽동'),
	(1531, '경기', '수원시 장안구', '조원동'),
	(1532, '경기', '수원시 장안구', '연무동'),
	(1533, '경기', '수원시 장안구', '상광교동'),
	(1534, '경기', '수원시 장안구', '하광교동'),
	(1535, '경기', '수원시 권선구', '세류동'),
	(1536, '경기', '수원시 권선구', '평동'),
	(1537, '경기', '수원시 권선구', '고색동'),
	(1538, '경기', '수원시 권선구', '오목천동'),
	(1539, '경기', '수원시 권선구', '평리동'),
	(1540, '경기', '수원시 권선구', '서둔동'),
	(1541, '경기', '수원시 권선구', '구운동'),
	(1542, '경기', '수원시 권선구', '탑동'),
	(1543, '경기', '수원시 권선구', '금곡동'),
	(1544, '경기', '수원시 권선구', '호매실동'),
	(1545, '경기', '수원시 권선구', '곡반정동'),
	(1546, '경기', '수원시 권선구', '권선동'),
	(1547, '경기', '수원시 권선구', '장지동'),
	(1548, '경기', '수원시 권선구', '대황교동'),
	(1549, '경기', '수원시 권선구', '입북동'),
	(1550, '경기', '수원시 권선구', '당수동'),
	(1551, '경기', '수원시 팔달구', '팔달로1가'),
	(1552, '경기', '수원시 팔달구', '팔달로2가'),
	(1553, '경기', '수원시 팔달구', '팔달로3가'),
	(1554, '경기', '수원시 팔달구', '남창동'),
	(1555, '경기', '수원시 팔달구', '영동'),
	(1556, '경기', '수원시 팔달구', '중동'),
	(1557, '경기', '수원시 팔달구', '구천동'),
	(1558, '경기', '수원시 팔달구', '남수동'),
	(1559, '경기', '수원시 팔달구', '매향동'),
	(1560, '경기', '수원시 팔달구', '북수동'),
	(1561, '경기', '수원시 팔달구', '신풍동'),
	(1562, '경기', '수원시 팔달구', '장안동'),
	(1563, '경기', '수원시 팔달구', '교동'),
	(1564, '경기', '수원시 팔달구', '매교동'),
	(1565, '경기', '수원시 팔달구', '매산로1가'),
	(1566, '경기', '수원시 팔달구', '매산로2가'),
	(1567, '경기', '수원시 팔달구', '매산로3가'),
	(1568, '경기', '수원시 팔달구', '고등동'),
	(1569, '경기', '수원시 팔달구', '화서동'),
	(1570, '경기', '수원시 팔달구', '지동'),
	(1571, '경기', '수원시 팔달구', '우만동'),
	(1572, '경기', '수원시 팔달구', '인계동'),
	(1573, '경기', '수원시 영통구', '매탄동'),
	(1574, '경기', '수원시 영통구', '원천동'),
	(1575, '경기', '수원시 영통구', '이의동'),
	(1576, '경기', '수원시 영통구', '하동'),
	(1577, '경기', '수원시 영통구', '영통동'),
	(1578, '경기', '수원시 영통구', '신동'),
	(1579, '경기', '수원시 영통구', '망포동'),
	(1580, '경기', '성남시 수정구', '신흥동'),
	(1581, '경기', '성남시 수정구', '태평동'),
	(1582, '경기', '성남시 수정구', '수진동'),
	(1583, '경기', '성남시 수정구', '단대동'),
	(1584, '경기', '성남시 수정구', '산성동'),
	(1585, '경기', '성남시 수정구', '양지동'),
	(1586, '경기', '성남시 수정구', '복정동'),
	(1587, '경기', '성남시 수정구', '창곡동'),
	(1588, '경기', '성남시 수정구', '신촌동'),
	(1589, '경기', '성남시 수정구', '오야동'),
	(1590, '경기', '성남시 수정구', '심곡동'),
	(1591, '경기', '성남시 수정구', '고등동'),
	(1592, '경기', '성남시 수정구', '상적동'),
	(1593, '경기', '성남시 수정구', '둔전동'),
	(1594, '경기', '성남시 수정구', '시흥동'),
	(1595, '경기', '성남시 수정구', '금토동'),
	(1596, '경기', '성남시 수정구', '사송동'),
	(1597, '경기', '성남시 중원구', '성남동'),
	(1598, '경기', '성남시 중원구', '금광동'),
	(1599, '경기', '성남시 중원구', '은행동'),
	(1600, '경기', '성남시 중원구', '상대원동'),
	(1601, '경기', '성남시 중원구', '여수동'),
	(1602, '경기', '성남시 중원구', '도촌동'),
	(1603, '경기', '성남시 중원구', '갈현동'),
	(1604, '경기', '성남시 중원구', '하대원동'),
	(1605, '경기', '성남시 중원구', '중앙동'),
	(1606, '경기', '성남시 분당구', '분당동'),
	(1607, '경기', '성남시 분당구', '수내동'),
	(1608, '경기', '성남시 분당구', '정자동'),
	(1609, '경기', '성남시 분당구', '율동'),
	(1610, '경기', '성남시 분당구', '서현동'),
	(1611, '경기', '성남시 분당구', '이매동'),
	(1612, '경기', '성남시 분당구', '야탑동'),
	(1613, '경기', '성남시 분당구', '판교동'),
	(1614, '경기', '성남시 분당구', '삼평동'),
	(1615, '경기', '성남시 분당구', '백현동'),
	(1616, '경기', '성남시 분당구', '금곡동'),
	(1617, '경기', '성남시 분당구', '궁내동'),
	(1618, '경기', '성남시 분당구', '동원동'),
	(1619, '경기', '성남시 분당구', '구미동'),
	(1620, '경기', '성남시 분당구', '운중동'),
	(1621, '경기', '성남시 분당구', '대장동'),
	(1622, '경기', '성남시 분당구', '석운동'),
	(1623, '경기', '성남시 분당구', '하산운동'),
	(1624, '경기', '의정부시', '의정부동'),
	(1625, '경기', '의정부시', '호원동'),
	(1626, '경기', '의정부시', '장암동'),
	(1627, '경기', '의정부시', '신곡동'),
	(1628, '경기', '의정부시', '용현동'),
	(1629, '경기', '의정부시', '민락동'),
	(1630, '경기', '의정부시', '낙양동'),
	(1631, '경기', '의정부시', '자일동'),
	(1632, '경기', '의정부시', '금오동'),
	(1633, '경기', '의정부시', '가능동'),
	(1634, '경기', '의정부시', '녹양동'),
	(1635, '경기', '의정부시', '고산동'),
	(1636, '경기', '의정부시', '산곡동'),
	(1637, '경기', '안양시 만안구', '안양동'),
	(1638, '경기', '안양시 만안구', '석수동'),
	(1639, '경기', '안양시 만안구', '박달동'),
	(1640, '경기', '안양시 동안구', '비산동'),
	(1641, '경기', '안양시 동안구', '관양동'),
	(1642, '경기', '안양시 동안구', '평촌동'),
	(1643, '경기', '안양시 동안구', '호계동'),
	(1644, '경기', '부천시 원미구', '원미동'),
	(1645, '경기', '부천시 원미구', '심곡동'),
	(1646, '경기', '부천시 원미구', '춘의동'),
	(1647, '경기', '부천시 원미구', '도당동'),
	(1648, '경기', '부천시 원미구', '약대동'),
	(1649, '경기', '부천시 원미구', '소사동'),
	(1650, '경기', '부천시 원미구', '역곡동'),
	(1651, '경기', '부천시 원미구', '중동'),
	(1652, '경기', '부천시 원미구', '상동'),
	(1653, '경기', '부천시 소사구', '소사본동'),
	(1654, '경기', '부천시 소사구', '심곡본동'),
	(1655, '경기', '부천시 소사구', '범박동'),
	(1656, '경기', '부천시 소사구', '괴안동'),
	(1657, '경기', '부천시 소사구', '송내동'),
	(1658, '경기', '부천시 소사구', '옥길동'),
	(1659, '경기', '부천시 소사구', '계수동'),
	(1660, '경기', '부천시 오정구', '오정동'),
	(1661, '경기', '부천시 오정구', '여월동'),
	(1662, '경기', '부천시 오정구', '작동'),
	(1663, '경기', '부천시 오정구', '원종동'),
	(1664, '경기', '부천시 오정구', '고강동'),
	(1665, '경기', '부천시 오정구', '대장동'),
	(1666, '경기', '부천시 오정구', '삼정동'),
	(1667, '경기', '부천시 오정구', '내동'),
	(1668, '경기', '광명시', '광명동'),
	(1669, '경기', '광명시', '철산동'),
	(1670, '경기', '광명시', '하안동'),
	(1671, '경기', '광명시', '소하동'),
	(1672, '경기', '광명시', '노온사동'),
	(1673, '경기', '광명시', '일직동'),
	(1674, '경기', '광명시', '가학동'),
	(1675, '경기', '광명시', '옥길동'),
	(1676, '경기', '평택시', '서정동'),
	(1677, '경기', '평택시', '장당동'),
	(1678, '경기', '평택시', '모곡동'),
	(1679, '경기', '평택시', '칠괴동'),
	(1680, '경기', '평택시', '칠원동'),
	(1681, '경기', '평택시', '도일동'),
	(1682, '경기', '평택시', '가재동'),
	(1683, '경기', '평택시', '장안동'),
	(1684, '경기', '평택시', '이충동'),
	(1685, '경기', '평택시', '지산동'),
	(1686, '경기', '평택시', '독곡동'),
	(1687, '경기', '평택시', '신장동'),
	(1688, '경기', '평택시', '평택동'),
	(1689, '경기', '평택시', '통복동'),
	(1690, '경기', '평택시', '군문동'),
	(1691, '경기', '평택시', '유천동'),
	(1692, '경기', '평택시', '합정동'),
	(1693, '경기', '평택시', '비전동'),
	(1694, '경기', '평택시', '동삭동'),
	(1695, '경기', '평택시', '세교동'),
	(1696, '경기', '평택시', '지제동'),
	(1697, '경기', '평택시', '신대동'),
	(1698, '경기', '평택시', '소사동'),
	(1699, '경기', '평택시', '용이동'),
	(1700, '경기', '평택시', '월곡동'),
	(1701, '경기', '평택시', '청룡동'),
	(1702, '경기', '평택시', '죽백동'),
	(1703, '경기', '평택시', '고덕동'),
	(1704, '경기', '평택시', '팽성읍'),
	(1705, '경기', '평택시', '안중읍'),
	(1706, '경기', '평택시', '포승읍'),
	(1707, '경기', '평택시', '청북읍'),
	(1708, '경기', '평택시', '진위면'),
	(1709, '경기', '평택시', '서탄면'),
	(1710, '경기', '평택시', '고덕면'),
	(1711, '경기', '평택시', '오성면'),
	(1712, '경기', '평택시', '현덕면'),
	(1713, '경기', '동두천시', '송내동'),
	(1714, '경기', '동두천시', '지행동'),
	(1715, '경기', '동두천시', '생연동'),
	(1716, '경기', '동두천시', '광암동'),
	(1717, '경기', '동두천시', '걸산동'),
	(1718, '경기', '동두천시', '보산동'),
	(1719, '경기', '동두천시', '동두천동'),
	(1720, '경기', '동두천시', '안흥동'),
	(1721, '경기', '동두천시', '상봉암동'),
	(1722, '경기', '동두천시', '하봉암동'),
	(1723, '경기', '동두천시', '탑동동'),
	(1724, '경기', '동두천시', '상패동'),
	(1725, '경기', '안산시 상록구', '일동'),
	(1726, '경기', '안산시 상록구', '이동'),
	(1727, '경기', '안산시 상록구', '사동'),
	(1728, '경기', '안산시 상록구', '본오동'),
	(1729, '경기', '안산시 상록구', '팔곡이동'),
	(1730, '경기', '안산시 상록구', '양상동'),
	(1731, '경기', '안산시 상록구', '부곡동'),
	(1732, '경기', '안산시 상록구', '성포동'),
	(1733, '경기', '안산시 상록구', '월피동'),
	(1734, '경기', '안산시 상록구', '팔곡일동'),
	(1735, '경기', '안산시 상록구', '건건동'),
	(1736, '경기', '안산시 상록구', '사사동'),
	(1737, '경기', '안산시 상록구', '수암동'),
	(1738, '경기', '안산시 상록구', '장상동'),
	(1739, '경기', '안산시 상록구', '장하동'),
	(1740, '경기', '안산시 단원구', '고잔동'),
	(1741, '경기', '안산시 단원구', '와동'),
	(1742, '경기', '안산시 단원구', '신길동'),
	(1743, '경기', '안산시 단원구', '성곡동'),
	(1744, '경기', '안산시 단원구', '원시동'),
	(1745, '경기', '안산시 단원구', '목내동'),
	(1746, '경기', '안산시 단원구', '초지동'),
	(1747, '경기', '안산시 단원구', '원곡동'),
	(1748, '경기', '안산시 단원구', '선부동'),
	(1749, '경기', '안산시 단원구', '대부동동'),
	(1750, '경기', '안산시 단원구', '대부북동'),
	(1751, '경기', '안산시 단원구', '대부남동'),
	(1752, '경기', '안산시 단원구', '선감동'),
	(1753, '경기', '안산시 단원구', '풍도동'),
	(1754, '경기', '안산시 단원구', '화정동'),
	(1755, '경기', '고양시 덕양구', '주교동'),
	(1756, '경기', '고양시 덕양구', '원당동'),
	(1757, '경기', '고양시 덕양구', '신원동'),
	(1758, '경기', '고양시 덕양구', '원흥동'),
	(1759, '경기', '고양시 덕양구', '도내동'),
	(1760, '경기', '고양시 덕양구', '성사동'),
	(1761, '경기', '고양시 덕양구', '북한동'),
	(1762, '경기', '고양시 덕양구', '효자동'),
	(1763, '경기', '고양시 덕양구', '지축동'),
	(1764, '경기', '고양시 덕양구', '오금동'),
	(1765, '경기', '고양시 덕양구', '삼송동'),
	(1766, '경기', '고양시 덕양구', '동산동'),
	(1767, '경기', '고양시 덕양구', '용두동'),
	(1768, '경기', '고양시 덕양구', '벽제동'),
	(1769, '경기', '고양시 덕양구', '선유동'),
	(1770, '경기', '고양시 덕양구', '고양동'),
	(1771, '경기', '고양시 덕양구', '대자동'),
	(1772, '경기', '고양시 덕양구', '관산동'),
	(1773, '경기', '고양시 덕양구', '내유동'),
	(1774, '경기', '고양시 덕양구', '토당동'),
	(1775, '경기', '고양시 덕양구', '내곡동'),
	(1776, '경기', '고양시 덕양구', '대장동'),
	(1777, '경기', '고양시 덕양구', '화정동'),
	(1778, '경기', '고양시 덕양구', '강매동'),
	(1779, '경기', '고양시 덕양구', '행주내동'),
	(1780, '경기', '고양시 덕양구', '행주외동'),
	(1781, '경기', '고양시 덕양구', '신평동'),
	(1782, '경기', '고양시 덕양구', '행신동'),
	(1783, '경기', '고양시 덕양구', '화전동'),
	(1784, '경기', '고양시 덕양구', '현천동'),
	(1785, '경기', '고양시 덕양구', '덕은동'),
	(1786, '경기', '고양시 덕양구', '향동동'),
	(1787, '경기', '고양시 일산동구', '식사동'),
	(1788, '경기', '고양시 일산동구', '중산동'),
	(1789, '경기', '고양시 일산동구', '정발산동'),
	(1790, '경기', '고양시 일산동구', '장항동'),
	(1791, '경기', '고양시 일산동구', '마두동'),
	(1792, '경기', '고양시 일산동구', '백석동'),
	(1793, '경기', '고양시 일산동구', '풍동'),
	(1794, '경기', '고양시 일산동구', '산황동'),
	(1795, '경기', '고양시 일산동구', '사리현동'),
	(1796, '경기', '고양시 일산동구', '지영동'),
	(1797, '경기', '고양시 일산동구', '설문동'),
	(1798, '경기', '고양시 일산동구', '문봉동'),
	(1799, '경기', '고양시 일산동구', '성석동'),
	(1800, '경기', '고양시 일산서구', '일산동'),
	(1801, '경기', '고양시 일산서구', '주엽동'),
	(1802, '경기', '고양시 일산서구', '탄현동'),
	(1803, '경기', '고양시 일산서구', '대화동'),
	(1804, '경기', '고양시 일산서구', '덕이동'),
	(1805, '경기', '고양시 일산서구', '가좌동'),
	(1806, '경기', '고양시 일산서구', '구산동'),
	(1807, '경기', '고양시 일산서구', '법곳동'),
	(1808, '경기', '과천시', '관문동'),
	(1809, '경기', '과천시', '문원동'),
	(1810, '경기', '과천시', '갈현동'),
	(1811, '경기', '과천시', '막계동'),
	(1812, '경기', '과천시', '과천동'),
	(1813, '경기', '과천시', '주암동'),
	(1814, '경기', '과천시', '중앙동'),
	(1815, '경기', '과천시', '원문동'),
	(1816, '경기', '과천시', '별양동'),
	(1817, '경기', '과천시', '부림동'),
	(1818, '경기', '구리시', '갈매동'),
	(1819, '경기', '구리시', '사노동'),
	(1820, '경기', '구리시', '인창동'),
	(1821, '경기', '구리시', '교문동'),
	(1822, '경기', '구리시', '수택동'),
	(1823, '경기', '구리시', '아천동'),
	(1824, '경기', '구리시', '토평동'),
	(1825, '경기', '남양주시', '호평동'),
	(1826, '경기', '남양주시', '평내동'),
	(1827, '경기', '남양주시', '금곡동'),
	(1828, '경기', '남양주시', '일패동'),
	(1829, '경기', '남양주시', '이패동'),
	(1830, '경기', '남양주시', '삼패동'),
	(1831, '경기', '남양주시', '수석동'),
	(1832, '경기', '남양주시', '지금동'),
	(1833, '경기', '남양주시', '도농동'),
	(1834, '경기', '남양주시', '별내동'),
	(1835, '경기', '남양주시', '다산동'),
	(1836, '경기', '남양주시', '와부읍'),
	(1837, '경기', '남양주시', '진접읍'),
	(1838, '경기', '남양주시', '화도읍'),
	(1839, '경기', '남양주시', '진건읍'),
	(1840, '경기', '남양주시', '오남읍'),
	(1841, '경기', '남양주시', '퇴계원읍'),
	(1842, '경기', '남양주시', '별내면'),
	(1843, '경기', '남양주시', '수동면'),
	(1844, '경기', '남양주시', '조안면'),
	(1845, '경기', '오산시', '오산동'),
	(1846, '경기', '오산시', '부산동'),
	(1847, '경기', '오산시', '원동'),
	(1848, '경기', '오산시', '궐동'),
	(1849, '경기', '오산시', '청학동'),
	(1850, '경기', '오산시', '가장동'),
	(1851, '경기', '오산시', '금암동'),
	(1852, '경기', '오산시', '수청동'),
	(1853, '경기', '오산시', '은계동'),
	(1854, '경기', '오산시', '내삼미동'),
	(1855, '경기', '오산시', '외삼미동'),
	(1856, '경기', '오산시', '양산동'),
	(1857, '경기', '오산시', '세교동'),
	(1858, '경기', '오산시', '지곶동'),
	(1859, '경기', '오산시', '서랑동'),
	(1860, '경기', '오산시', '서동'),
	(1861, '경기', '오산시', '벌음동'),
	(1862, '경기', '오산시', '두곡동'),
	(1863, '경기', '오산시', '탑동'),
	(1864, '경기', '오산시', '누읍동'),
	(1865, '경기', '오산시', '가수동'),
	(1866, '경기', '오산시', '고현동'),
	(1867, '경기', '오산시', '청호동'),
	(1868, '경기', '오산시', '갈곶동'),
	(1869, '경기', '시흥시', '대야동'),
	(1870, '경기', '시흥시', '신천동'),
	(1871, '경기', '시흥시', '방산동'),
	(1872, '경기', '시흥시', '포동'),
	(1873, '경기', '시흥시', '미산동'),
	(1874, '경기', '시흥시', '은행동'),
	(1875, '경기', '시흥시', '안현동'),
	(1876, '경기', '시흥시', '매화동'),
	(1877, '경기', '시흥시', '도창동'),
	(1878, '경기', '시흥시', '금이동'),
	(1879, '경기', '시흥시', '과림동'),
	(1880, '경기', '시흥시', '계수동'),
	(1881, '경기', '시흥시', '화정동'),
	(1882, '경기', '시흥시', '능곡동'),
	(1883, '경기', '시흥시', '하중동'),
	(1884, '경기', '시흥시', '하상동'),
	(1885, '경기', '시흥시', '광석동'),
	(1886, '경기', '시흥시', '물왕동'),
	(1887, '경기', '시흥시', '산현동'),
	(1888, '경기', '시흥시', '조남동'),
	(1889, '경기', '시흥시', '논곡동'),
	(1890, '경기', '시흥시', '목감동'),
	(1891, '경기', '시흥시', '거모동'),
	(1892, '경기', '시흥시', '군자동'),
	(1893, '경기', '시흥시', '장현동'),
	(1894, '경기', '시흥시', '장곡동'),
	(1895, '경기', '시흥시', '월곶동'),
	(1896, '경기', '시흥시', '정왕동'),
	(1897, '경기', '시흥시', '죽율동'),
	(1898, '경기', '시흥시', '무지내동'),
	(1899, '경기', '시흥시', '배곧동'),
	(1900, '경기', '군포시', '당동'),
	(1901, '경기', '군포시', '당정동'),
	(1902, '경기', '군포시', '부곡동'),
	(1903, '경기', '군포시', '산본동'),
	(1904, '경기', '군포시', '금정동'),
	(1905, '경기', '군포시', '둔대동'),
	(1906, '경기', '군포시', '속달동'),
	(1907, '경기', '군포시', '대야미동'),
	(1908, '경기', '군포시', '도마교동'),
	(1909, '경기', '의왕시', '고천동'),
	(1910, '경기', '의왕시', '이동'),
	(1911, '경기', '의왕시', '삼동'),
	(1912, '경기', '의왕시', '왕곡동'),
	(1913, '경기', '의왕시', '오전동'),
	(1914, '경기', '의왕시', '학의동'),
	(1915, '경기', '의왕시', '내손동'),
	(1916, '경기', '의왕시', '청계동'),
	(1917, '경기', '의왕시', '포일동'),
	(1918, '경기', '의왕시', '월암동'),
	(1919, '경기', '의왕시', '초평동'),
	(1920, '경기', '하남시', '천현동'),
	(1921, '경기', '하남시', '하산곡동'),
	(1922, '경기', '하남시', '창우동'),
	(1923, '경기', '하남시', '배알미동'),
	(1924, '경기', '하남시', '상산곡동'),
	(1925, '경기', '하남시', '신장동'),
	(1926, '경기', '하남시', '당정동'),
	(1927, '경기', '하남시', '덕풍동'),
	(1928, '경기', '하남시', '망월동'),
	(1929, '경기', '하남시', '풍산동'),
	(1930, '경기', '하남시', '미사동'),
	(1931, '경기', '하남시', '선동'),
	(1932, '경기', '하남시', '감북동'),
	(1933, '경기', '하남시', '감일동'),
	(1934, '경기', '하남시', '감이동'),
	(1935, '경기', '하남시', '학암동'),
	(1936, '경기', '하남시', '교산동'),
	(1937, '경기', '하남시', '춘궁동'),
	(1938, '경기', '하남시', '하사창동'),
	(1939, '경기', '하남시', '상사창동'),
	(1940, '경기', '하남시', '항동'),
	(1941, '경기', '하남시', '초일동'),
	(1942, '경기', '하남시', '초이동'),
	(1943, '경기', '하남시', '광암동'),
	(1944, '경기', '용인시 처인구', '김량장동'),
	(1945, '경기', '용인시 처인구', '역북동'),
	(1946, '경기', '용인시 처인구', '삼가동'),
	(1947, '경기', '용인시 처인구', '남동'),
	(1948, '경기', '용인시 처인구', '유방동'),
	(1949, '경기', '용인시 처인구', '고림동'),
	(1950, '경기', '용인시 처인구', '마평동'),
	(1951, '경기', '용인시 처인구', '운학동'),
	(1952, '경기', '용인시 처인구', '호동'),
	(1953, '경기', '용인시 처인구', '해곡동'),
	(1954, '경기', '용인시 처인구', '포곡읍'),
	(1955, '경기', '용인시 처인구', '모현읍'),
	(1956, '경기', '용인시 처인구', '이동읍'),
	(1957, '경기', '용인시 처인구', '남사읍'),
	(1958, '경기', '용인시 처인구', '원삼면'),
	(1959, '경기', '용인시 처인구', '백암면'),
	(1960, '경기', '용인시 처인구', '양지면'),
	(1961, '경기', '용인시 기흥구', '신갈동'),
	(1962, '경기', '용인시 기흥구', '구갈동'),
	(1963, '경기', '용인시 기흥구', '상갈동'),
	(1964, '경기', '용인시 기흥구', '하갈동'),
	(1965, '경기', '용인시 기흥구', '보라동'),
	(1966, '경기', '용인시 기흥구', '지곡동'),
	(1967, '경기', '용인시 기흥구', '공세동'),
	(1968, '경기', '용인시 기흥구', '고매동'),
	(1969, '경기', '용인시 기흥구', '농서동'),
	(1970, '경기', '용인시 기흥구', '서천동'),
	(1971, '경기', '용인시 기흥구', '영덕동'),
	(1972, '경기', '용인시 기흥구', '언남동'),
	(1973, '경기', '용인시 기흥구', '마북동'),
	(1974, '경기', '용인시 기흥구', '청덕동'),
	(1975, '경기', '용인시 기흥구', '동백동'),
	(1976, '경기', '용인시 기흥구', '중동'),
	(1977, '경기', '용인시 기흥구', '상하동'),
	(1978, '경기', '용인시 기흥구', '보정동'),
	(1979, '경기', '용인시 수지구', '풍덕천동'),
	(1980, '경기', '용인시 수지구', '죽전동'),
	(1981, '경기', '용인시 수지구', '동천동'),
	(1982, '경기', '용인시 수지구', '고기동'),
	(1983, '경기', '용인시 수지구', '신봉동'),
	(1984, '경기', '용인시 수지구', '성복동'),
	(1985, '경기', '용인시 수지구', '상현동'),
	(1986, '경기', '파주시', '금촌동'),
	(1987, '경기', '파주시', '아동동'),
	(1988, '경기', '파주시', '야동동'),
	(1989, '경기', '파주시', '검산동'),
	(1990, '경기', '파주시', '맥금동'),
	(1991, '경기', '파주시', '교하동'),
	(1992, '경기', '파주시', '야당동'),
	(1993, '경기', '파주시', '다율동'),
	(1994, '경기', '파주시', '오도동'),
	(1995, '경기', '파주시', '상지석동'),
	(1996, '경기', '파주시', '산남동'),
	(1997, '경기', '파주시', '동패동'),
	(1998, '경기', '파주시', '당하동'),
	(1999, '경기', '파주시', '문발동'),
	(2000, '경기', '파주시', '송촌동'),
	(2001, '경기', '파주시', '목동동'),
	(2002, '경기', '파주시', '하지석동'),
	(2003, '경기', '파주시', '서패동'),
	(2004, '경기', '파주시', '신촌동'),
	(2005, '경기', '파주시', '연다산동'),
	(2006, '경기', '파주시', '와동동'),
	(2007, '경기', '파주시', '금릉동'),
	(2008, '경기', '파주시', '문산읍'),
	(2009, '경기', '파주시', '파주읍'),
	(2010, '경기', '파주시', '법원읍'),
	(2011, '경기', '파주시', '조리읍'),
	(2012, '경기', '파주시', '월롱면'),
	(2013, '경기', '파주시', '탄현면'),
	(2014, '경기', '파주시', '광탄면'),
	(2015, '경기', '파주시', '파평면'),
	(2016, '경기', '파주시', '적성면'),
	(2017, '경기', '파주시', '군내면'),
	(2018, '경기', '파주시', '장단면'),
	(2019, '경기', '파주시', '진동면'),
	(2020, '경기', '파주시', '진서면'),
	(2021, '경기', '이천시', '창전동'),
	(2022, '경기', '이천시', '관고동'),
	(2023, '경기', '이천시', '중리동'),
	(2024, '경기', '이천시', '증일동'),
	(2025, '경기', '이천시', '율현동'),
	(2026, '경기', '이천시', '진리동'),
	(2027, '경기', '이천시', '안흥동'),
	(2028, '경기', '이천시', '갈산동'),
	(2029, '경기', '이천시', '증포동'),
	(2030, '경기', '이천시', '송정동'),
	(2031, '경기', '이천시', '사음동'),
	(2032, '경기', '이천시', '단월동'),
	(2033, '경기', '이천시', '대포동'),
	(2034, '경기', '이천시', '고담동'),
	(2035, '경기', '이천시', '장록동'),
	(2036, '경기', '이천시', '장호원읍'),
	(2037, '경기', '이천시', '부발읍'),
	(2038, '경기', '이천시', '신둔면'),
	(2039, '경기', '이천시', '백사면'),
	(2040, '경기', '이천시', '호법면'),
	(2041, '경기', '이천시', '마장면'),
	(2042, '경기', '이천시', '대월면'),
	(2043, '경기', '이천시', '모가면'),
	(2044, '경기', '이천시', '설성면'),
	(2045, '경기', '이천시', '율면'),
	(2046, '경기', '안성시', '봉산동'),
	(2047, '경기', '안성시', '숭인동'),
	(2048, '경기', '안성시', '영동'),
	(2049, '경기', '안성시', '봉남동'),
	(2050, '경기', '안성시', '구포동'),
	(2051, '경기', '안성시', '동본동'),
	(2052, '경기', '안성시', '명륜동'),
	(2053, '경기', '안성시', '옥천동'),
	(2054, '경기', '안성시', '낙원동'),
	(2055, '경기', '안성시', '창전동'),
	(2056, '경기', '안성시', '성남동'),
	(2057, '경기', '안성시', '신흥동'),
	(2058, '경기', '안성시', '인지동'),
	(2059, '경기', '안성시', '금산동'),
	(2060, '경기', '안성시', '연지동'),
	(2061, '경기', '안성시', '대천동'),
	(2062, '경기', '안성시', '서인동'),
	(2063, '경기', '안성시', '석정동'),
	(2064, '경기', '안성시', '아양동'),
	(2065, '경기', '안성시', '금석동'),
	(2066, '경기', '안성시', '계동'),
	(2067, '경기', '안성시', '옥산동'),
	(2068, '경기', '안성시', '사곡동'),
	(2069, '경기', '안성시', '도기동'),
	(2070, '경기', '안성시', '당왕동'),
	(2071, '경기', '안성시', '가사동'),
	(2072, '경기', '안성시', '가현동'),
	(2073, '경기', '안성시', '신건지동'),
	(2074, '경기', '안성시', '신소현동'),
	(2075, '경기', '안성시', '신모산동'),
	(2076, '경기', '안성시', '현수동'),
	(2077, '경기', '안성시', '발화동'),
	(2078, '경기', '안성시', '중리동'),
	(2079, '경기', '안성시', '공도읍'),
	(2080, '경기', '안성시', '보개면'),
	(2081, '경기', '안성시', '금광면'),
	(2082, '경기', '안성시', '서운면'),
	(2083, '경기', '안성시', '미양면'),
	(2084, '경기', '안성시', '대덕면'),
	(2085, '경기', '안성시', '양성면'),
	(2086, '경기', '안성시', '원곡면'),
	(2087, '경기', '안성시', '일죽면'),
	(2088, '경기', '안성시', '죽산면'),
	(2089, '경기', '안성시', '삼죽면'),
	(2090, '경기', '안성시', '고삼면'),
	(2091, '경기', '김포시', '북변동'),
	(2092, '경기', '김포시', '걸포동'),
	(2093, '경기', '김포시', '운양동'),
	(2094, '경기', '김포시', '장기동'),
	(2095, '경기', '김포시', '감정동'),
	(2096, '경기', '김포시', '사우동'),
	(2097, '경기', '김포시', '풍무동'),
	(2098, '경기', '김포시', '마산동'),
	(2099, '경기', '김포시', '구래동'),
	(2100, '경기', '김포시', '통진읍'),
	(2101, '경기', '김포시', '고촌읍'),
	(2102, '경기', '김포시', '양촌읍'),
	(2103, '경기', '김포시', '대곶면'),
	(2104, '경기', '김포시', '월곶면'),
	(2105, '경기', '김포시', '하성면'),
	(2106, '경기', '화성시', '진안동'),
	(2107, '경기', '화성시', '병점동'),
	(2108, '경기', '화성시', '능동'),
	(2109, '경기', '화성시', '기산동'),
	(2110, '경기', '화성시', '반월동'),
	(2111, '경기', '화성시', '반정동'),
	(2112, '경기', '화성시', '황계동'),
	(2113, '경기', '화성시', '배양동'),
	(2114, '경기', '화성시', '기안동'),
	(2115, '경기', '화성시', '송산동'),
	(2116, '경기', '화성시', '안녕동'),
	(2117, '경기', '화성시', '반송동'),
	(2118, '경기', '화성시', '석우동'),
	(2119, '경기', '화성시', '오산동'),
	(2120, '경기', '화성시', '청계동'),
	(2121, '경기', '화성시', '영천동'),
	(2122, '경기', '화성시', '중동'),
	(2123, '경기', '화성시', '신동'),
	(2124, '경기', '화성시', '목동'),
	(2125, '경기', '화성시', '산척동'),
	(2126, '경기', '화성시', '장지동'),
	(2127, '경기', '화성시', '송동'),
	(2128, '경기', '화성시', '방교동'),
	(2129, '경기', '화성시', '금곡동'),
	(2130, '경기', '화성시', '새솔동'),
	(2131, '경기', '화성시', '봉담읍'),
	(2132, '경기', '화성시', '우정읍'),
	(2133, '경기', '화성시', '향남읍'),
	(2134, '경기', '화성시', '남양읍'),
	(2135, '경기', '화성시', '매송면'),
	(2136, '경기', '화성시', '비봉면'),
	(2137, '경기', '화성시', '마도면'),
	(2138, '경기', '화성시', '송산면'),
	(2139, '경기', '화성시', '서신면'),
	(2140, '경기', '화성시', '팔탄면'),
	(2141, '경기', '화성시', '장안면'),
	(2142, '경기', '화성시', '양감면'),
	(2143, '경기', '화성시', '정남면'),
	(2144, '경기', '광주시', '경안동'),
	(2145, '경기', '광주시', '쌍령동'),
	(2146, '경기', '광주시', '송정동'),
	(2147, '경기', '광주시', '회덕동'),
	(2148, '경기', '광주시', '탄벌동'),
	(2149, '경기', '광주시', '목현동'),
	(2150, '경기', '광주시', '삼동'),
	(2151, '경기', '광주시', '중대동'),
	(2152, '경기', '광주시', '직동'),
	(2153, '경기', '광주시', '태전동'),
	(2154, '경기', '광주시', '장지동'),
	(2155, '경기', '광주시', '역동'),
	(2156, '경기', '광주시', '목동'),
	(2157, '경기', '광주시', '고산동'),
	(2158, '경기', '광주시', '신현동'),
	(2159, '경기', '광주시', '능평동'),
	(2160, '경기', '광주시', '문형동'),
	(2161, '경기', '광주시', '추자동'),
	(2162, '경기', '광주시', '매산동'),
	(2163, '경기', '광주시', '양벌동'),
	(2164, '경기', '광주시', '초월읍'),
	(2165, '경기', '광주시', '곤지암읍'),
	(2166, '경기', '광주시', '도척면'),
	(2167, '경기', '광주시', '퇴촌면'),
	(2168, '경기', '광주시', '남종면'),
	(2169, '경기', '광주시', '남한산성면'),
	(2170, '경기', '양주시', '유양동'),
	(2171, '경기', '양주시', '어둔동'),
	(2172, '경기', '양주시', '남방동'),
	(2173, '경기', '양주시', '마전동'),
	(2174, '경기', '양주시', '산북동'),
	(2175, '경기', '양주시', '광사동'),
	(2176, '경기', '양주시', '만송동'),
	(2177, '경기', '양주시', '삼숭동'),
	(2178, '경기', '양주시', '고읍동'),
	(2179, '경기', '양주시', '덕정동'),
	(2180, '경기', '양주시', '봉양동'),
	(2181, '경기', '양주시', '회암동'),
	(2182, '경기', '양주시', '율정동'),
	(2183, '경기', '양주시', '옥정동'),
	(2184, '경기', '양주시', '고암동'),
	(2185, '경기', '양주시', '덕계동'),
	(2186, '경기', '양주시', '회정동'),
	(2187, '경기', '양주시', '백석읍'),
	(2188, '경기', '양주시', '은현면'),
	(2189, '경기', '양주시', '남면'),
	(2190, '경기', '양주시', '광적면'),
	(2191, '경기', '양주시', '장흥면'),
	(2192, '경기', '포천시', '신읍동'),
	(2193, '경기', '포천시', '어룡동'),
	(2194, '경기', '포천시', '자작동'),
	(2195, '경기', '포천시', '선단동'),
	(2196, '경기', '포천시', '설운동'),
	(2197, '경기', '포천시', '동교동'),
	(2198, '경기', '포천시', '소흘읍'),
	(2199, '경기', '포천시', '군내면'),
	(2200, '경기', '포천시', '내촌면'),
	(2201, '경기', '포천시', '가산면'),
	(2202, '경기', '포천시', '신북면'),
	(2203, '경기', '포천시', '창수면'),
	(2204, '경기', '포천시', '영중면'),
	(2205, '경기', '포천시', '일동면'),
	(2206, '경기', '포천시', '이동면'),
	(2207, '경기', '포천시', '영북면'),
	(2208, '경기', '포천시', '관인면'),
	(2209, '경기', '포천시', '화현면'),
	(2210, '경기', '여주시', '상동'),
	(2211, '경기', '여주시', '홍문동'),
	(2212, '경기', '여주시', '창동'),
	(2213, '경기', '여주시', '우만동'),
	(2214, '경기', '여주시', '단현동'),
	(2215, '경기', '여주시', '신진동'),
	(2216, '경기', '여주시', '하동'),
	(2217, '경기', '여주시', '교동'),
	(2218, '경기', '여주시', '월송동'),
	(2219, '경기', '여주시', '가업동'),
	(2220, '경기', '여주시', '연라동'),
	(2221, '경기', '여주시', '상거동'),
	(2222, '경기', '여주시', '하거동'),
	(2223, '경기', '여주시', '삼교동'),
	(2224, '경기', '여주시', '점봉동'),
	(2225, '경기', '여주시', '능현동'),
	(2226, '경기', '여주시', '멱곡동'),
	(2227, '경기', '여주시', '연양동'),
	(2228, '경기', '여주시', '매룡동'),
	(2229, '경기', '여주시', '천송동'),
	(2230, '경기', '여주시', '오학동'),
	(2231, '경기', '여주시', '현암동'),
	(2232, '경기', '여주시', '오금동'),
	(2233, '경기', '여주시', '가남읍'),
	(2234, '경기', '여주시', '점동면'),
	(2235, '경기', '여주시', '흥천면'),
	(2236, '경기', '여주시', '금사면'),
	(2237, '경기', '여주시', '세종대왕면'),
	(2238, '경기', '여주시', '대신면'),
	(2239, '경기', '여주시', '북내면'),
	(2240, '경기', '여주시', '강천면'),
	(2241, '경기', '여주시', '산북면'),
	(2242, '경기', '연천군', '연천읍'),
	(2243, '경기', '연천군', '전곡읍'),
	(2244, '경기', '연천군', '군남면'),
	(2245, '경기', '연천군', '청산면'),
	(2246, '경기', '연천군', '백학면'),
	(2247, '경기', '연천군', '미산면'),
	(2248, '경기', '연천군', '왕징면'),
	(2249, '경기', '연천군', '신서면'),
	(2250, '경기', '연천군', '중면'),
	(2251, '경기', '연천군', '장남면'),
	(2252, '경기', '가평군', '가평읍'),
	(2253, '경기', '가평군', '설악면'),
	(2254, '경기', '가평군', '청평면'),
	(2255, '경기', '가평군', '상면'),
	(2256, '경기', '가평군', '조종면'),
	(2257, '경기', '가평군', '북면'),
	(2258, '경기', '양평군', '양평읍'),
	(2259, '경기', '양평군', '강상면'),
	(2260, '경기', '양평군', '강하면'),
	(2261, '경기', '양평군', '양서면'),
	(2262, '경기', '양평군', '옥천면'),
	(2263, '경기', '양평군', '서종면'),
	(2264, '경기', '양평군', '단월면'),
	(2265, '경기', '양평군', '청운면'),
	(2266, '경기', '양평군', '양동면'),
	(2267, '경기', '양평군', '지평면'),
	(2268, '경기', '양평군', '용문면'),
	(2269, '경기', '양평군', '개군면'),
	(2270, '충북', '청주시 상당구', '영동'),
	(2271, '충북', '청주시 상당구', '북문로1가'),
	(2272, '충북', '청주시 상당구', '북문로2가'),
	(2273, '충북', '청주시 상당구', '북문로3가'),
	(2274, '충북', '청주시 상당구', '남문로1가'),
	(2275, '충북', '청주시 상당구', '남문로2가'),
	(2276, '충북', '청주시 상당구', '문화동'),
	(2277, '충북', '청주시 상당구', '서운동'),
	(2278, '충북', '청주시 상당구', '서문동'),
	(2279, '충북', '청주시 상당구', '남주동'),
	(2280, '충북', '청주시 상당구', '석교동'),
	(2281, '충북', '청주시 상당구', '수동'),
	(2282, '충북', '청주시 상당구', '탑동'),
	(2283, '충북', '청주시 상당구', '대성동'),
	(2284, '충북', '청주시 상당구', '영운동'),
	(2285, '충북', '청주시 상당구', '금천동'),
	(2286, '충북', '청주시 상당구', '용담동'),
	(2287, '충북', '청주시 상당구', '명암동'),
	(2288, '충북', '청주시 상당구', '산성동'),
	(2289, '충북', '청주시 상당구', '용암동'),
	(2290, '충북', '청주시 상당구', '용정동'),
	(2291, '충북', '청주시 상당구', '방서동'),
	(2292, '충북', '청주시 상당구', '평촌동'),
	(2293, '충북', '청주시 상당구', '지북동'),
	(2294, '충북', '청주시 상당구', '운동동'),
	(2295, '충북', '청주시 상당구', '월오동'),
	(2296, '충북', '청주시 상당구', '낭성면'),
	(2297, '충북', '청주시 상당구', '미원면'),
	(2298, '충북', '청주시 상당구', '가덕면'),
	(2299, '충북', '청주시 상당구', '남일면'),
	(2300, '충북', '청주시 상당구', '문의면'),
	(2301, '충북', '청주시 서원구', '사직동'),
	(2302, '충북', '청주시 서원구', '사창동'),
	(2303, '충북', '청주시 서원구', '모충동'),
	(2304, '충북', '청주시 서원구', '산남동'),
	(2305, '충북', '청주시 서원구', '미평동'),
	(2306, '충북', '청주시 서원구', '분평동'),
	(2307, '충북', '청주시 서원구', '수곡동'),
	(2308, '충북', '청주시 서원구', '성화동'),
	(2309, '충북', '청주시 서원구', '개신동'),
	(2310, '충북', '청주시 서원구', '죽림동'),
	(2311, '충북', '청주시 서원구', '장성동'),
	(2312, '충북', '청주시 서원구', '장암동'),
	(2313, '충북', '청주시 서원구', '남이면'),
	(2314, '충북', '청주시 서원구', '현도면'),
	(2315, '충북', '청주시 흥덕구', '운천동'),
	(2316, '충북', '청주시 흥덕구', '신봉동'),
	(2317, '충북', '청주시 흥덕구', '가경동'),
	(2318, '충북', '청주시 흥덕구', '복대동'),
	(2319, '충북', '청주시 흥덕구', '봉명동'),
	(2320, '충북', '청주시 흥덕구', '송정동'),
	(2321, '충북', '청주시 흥덕구', '강서동'),
	(2322, '충북', '청주시 흥덕구', '석곡동'),
	(2323, '충북', '청주시 흥덕구', '휴암동'),
	(2324, '충북', '청주시 흥덕구', '신전동'),
	(2325, '충북', '청주시 흥덕구', '현암동'),
	(2326, '충북', '청주시 흥덕구', '동막동'),
	(2327, '충북', '청주시 흥덕구', '수의동'),
	(2328, '충북', '청주시 흥덕구', '지동동'),
	(2329, '충북', '청주시 흥덕구', '서촌동'),
	(2330, '충북', '청주시 흥덕구', '신성동'),
	(2331, '충북', '청주시 흥덕구', '평동'),
	(2332, '충북', '청주시 흥덕구', '신대동'),
	(2333, '충북', '청주시 흥덕구', '남촌동'),
	(2334, '충북', '청주시 흥덕구', '내곡동'),
	(2335, '충북', '청주시 흥덕구', '상신동'),
	(2336, '충북', '청주시 흥덕구', '원평동'),
	(2337, '충북', '청주시 흥덕구', '문암동'),
	(2338, '충북', '청주시 흥덕구', '송절동'),
	(2339, '충북', '청주시 흥덕구', '화계동'),
	(2340, '충북', '청주시 흥덕구', '외북동'),
	(2341, '충북', '청주시 흥덕구', '향정동'),
	(2342, '충북', '청주시 흥덕구', '비하동'),
	(2343, '충북', '청주시 흥덕구', '석소동'),
	(2344, '충북', '청주시 흥덕구', '정봉동'),
	(2345, '충북', '청주시 흥덕구', '신촌동'),
	(2346, '충북', '청주시 흥덕구', '오송읍'),
	(2347, '충북', '청주시 흥덕구', '강내면'),
	(2348, '충북', '청주시 흥덕구', '옥산면'),
	(2349, '충북', '청주시 청원구', '우암동'),
	(2350, '충북', '청주시 청원구', '내덕동'),
	(2351, '충북', '청주시 청원구', '율량동'),
	(2352, '충북', '청주시 청원구', '사천동'),
	(2353, '충북', '청주시 청원구', '주성동'),
	(2354, '충북', '청주시 청원구', '주중동'),
	(2355, '충북', '청주시 청원구', '정상동'),
	(2356, '충북', '청주시 청원구', '정하동'),
	(2357, '충북', '청주시 청원구', '정북동'),
	(2358, '충북', '청주시 청원구', '오동동'),
	(2359, '충북', '청주시 청원구', '외남동'),
	(2360, '충북', '청주시 청원구', '외평동'),
	(2361, '충북', '청주시 청원구', '외하동'),
	(2362, '충북', '청주시 청원구', '내수읍'),
	(2363, '충북', '청주시 청원구', '오창읍'),
	(2364, '충북', '청주시 청원구', '북이면'),
	(2365, '충북', '충주시', '성내동'),
	(2366, '충북', '충주시', '성남동'),
	(2367, '충북', '충주시', '성서동'),
	(2368, '충북', '충주시', '충인동'),
	(2369, '충북', '충주시', '교현동'),
	(2370, '충북', '충주시', '용산동'),
	(2371, '충북', '충주시', '호암동'),
	(2372, '충북', '충주시', '직동'),
	(2373, '충북', '충주시', '단월동'),
	(2374, '충북', '충주시', '풍동'),
	(2375, '충북', '충주시', '가주동'),
	(2376, '충북', '충주시', '용관동'),
	(2377, '충북', '충주시', '용두동'),
	(2378, '충북', '충주시', '달천동'),
	(2379, '충북', '충주시', '봉방동'),
	(2380, '충북', '충주시', '칠금동'),
	(2381, '충북', '충주시', '연수동'),
	(2382, '충북', '충주시', '목행동'),
	(2383, '충북', '충주시', '용탄동'),
	(2384, '충북', '충주시', '종민동'),
	(2385, '충북', '충주시', '안림동'),
	(2386, '충북', '충주시', '목벌동'),
	(2387, '충북', '충주시', '충의동'),
	(2388, '충북', '충주시', '지현동'),
	(2389, '충북', '충주시', '문화동'),
	(2390, '충북', '충주시', '금릉동'),
	(2391, '충북', '충주시', '주덕읍'),
	(2392, '충북', '충주시', '살미면'),
	(2393, '충북', '충주시', '수안보면'),
	(2394, '충북', '충주시', '대소원면'),
	(2395, '충북', '충주시', '신니면'),
	(2396, '충북', '충주시', '노은면'),
	(2397, '충북', '충주시', '앙성면'),
	(2398, '충북', '충주시', '중앙탑면'),
	(2399, '충북', '충주시', '금가면'),
	(2400, '충북', '충주시', '동량면'),
	(2401, '충북', '충주시', '산척면'),
	(2402, '충북', '충주시', '엄정면'),
	(2403, '충북', '충주시', '소태면'),
	(2404, '충북', '제천시', '의림동'),
	(2405, '충북', '제천시', '서부동'),
	(2406, '충북', '제천시', '동현동'),
	(2407, '충북', '제천시', '남천동'),
	(2408, '충북', '제천시', '교동'),
	(2409, '충북', '제천시', '중앙로1가'),
	(2410, '충북', '제천시', '중앙로2가'),
	(2411, '충북', '제천시', '명동'),
	(2412, '충북', '제천시', '화산동'),
	(2413, '충북', '제천시', '영천동'),
	(2414, '충북', '제천시', '하소동'),
	(2415, '충북', '제천시', '신월동'),
	(2416, '충북', '제천시', '청전동'),
	(2417, '충북', '제천시', '모산동'),
	(2418, '충북', '제천시', '고암동'),
	(2419, '충북', '제천시', '장락동'),
	(2420, '충북', '제천시', '흑석동'),
	(2421, '충북', '제천시', '두학동'),
	(2422, '충북', '제천시', '고명동'),
	(2423, '충북', '제천시', '신백동'),
	(2424, '충북', '제천시', '강제동'),
	(2425, '충북', '제천시', '명지동'),
	(2426, '충북', '제천시', '산곡동'),
	(2427, '충북', '제천시', '왕암동'),
	(2428, '충북', '제천시', '천남동'),
	(2429, '충북', '제천시', '신동'),
	(2430, '충북', '제천시', '자작동'),
	(2431, '충북', '제천시', '대랑동'),
	(2432, '충북', '제천시', '봉양읍'),
	(2433, '충북', '제천시', '금성면'),
	(2434, '충북', '제천시', '청풍면'),
	(2435, '충북', '제천시', '수산면'),
	(2436, '충북', '제천시', '덕산면'),
	(2437, '충북', '제천시', '한수면'),
	(2438, '충북', '제천시', '백운면'),
	(2439, '충북', '제천시', '송학면'),
	(2440, '충북', '보은군', '보은읍'),
	(2441, '충북', '보은군', '속리산면'),
	(2442, '충북', '보은군', '장안면'),
	(2443, '충북', '보은군', '마로면'),
	(2444, '충북', '보은군', '탄부면'),
	(2445, '충북', '보은군', '삼승면'),
	(2446, '충북', '보은군', '수한면'),
	(2447, '충북', '보은군', '회남면'),
	(2448, '충북', '보은군', '회인면'),
	(2449, '충북', '보은군', '내북면'),
	(2450, '충북', '보은군', '산외면'),
	(2451, '충북', '옥천군', '옥천읍'),
	(2452, '충북', '옥천군', '동이면'),
	(2453, '충북', '옥천군', '안남면'),
	(2454, '충북', '옥천군', '안내면'),
	(2455, '충북', '옥천군', '청성면'),
	(2456, '충북', '옥천군', '청산면'),
	(2457, '충북', '옥천군', '이원면'),
	(2458, '충북', '옥천군', '군서면'),
	(2459, '충북', '옥천군', '군북면'),
	(2460, '충북', '영동군', '영동읍'),
	(2461, '충북', '영동군', '용산면'),
	(2462, '충북', '영동군', '황간면'),
	(2463, '충북', '영동군', '추풍령면'),
	(2464, '충북', '영동군', '매곡면'),
	(2465, '충북', '영동군', '상촌면'),
	(2466, '충북', '영동군', '양강면'),
	(2467, '충북', '영동군', '용화면'),
	(2468, '충북', '영동군', '학산면'),
	(2469, '충북', '영동군', '양산면'),
	(2470, '충북', '영동군', '심천면'),
	(2471, '충북', '증평군', '증평읍'),
	(2472, '충북', '증평군', '도안면'),
	(2473, '충북', '진천군', '진천읍'),
	(2474, '충북', '진천군', '덕산읍'),
	(2475, '충북', '진천군', '초평면'),
	(2476, '충북', '진천군', '문백면'),
	(2477, '충북', '진천군', '백곡면'),
	(2478, '충북', '진천군', '이월면'),
	(2479, '충북', '진천군', '광혜원면'),
	(2480, '충북', '괴산군', '괴산읍'),
	(2481, '충북', '괴산군', '감물면'),
	(2482, '충북', '괴산군', '장연면'),
	(2483, '충북', '괴산군', '연풍면'),
	(2484, '충북', '괴산군', '칠성면'),
	(2485, '충북', '괴산군', '문광면'),
	(2486, '충북', '괴산군', '청천면'),
	(2487, '충북', '괴산군', '청안면'),
	(2488, '충북', '괴산군', '사리면'),
	(2489, '충북', '괴산군', '소수면'),
	(2490, '충북', '괴산군', '불정면'),
	(2491, '충북', '음성군', '음성읍'),
	(2492, '충북', '음성군', '금왕읍'),
	(2493, '충북', '음성군', '소이면'),
	(2494, '충북', '음성군', '원남면'),
	(2495, '충북', '음성군', '맹동면'),
	(2496, '충북', '음성군', '대소면'),
	(2497, '충북', '음성군', '삼성면'),
	(2498, '충북', '음성군', '생극면'),
	(2499, '충북', '음성군', '감곡면'),
	(2500, '충북', '단양군', '단양읍'),
	(2501, '충북', '단양군', '매포읍'),
	(2502, '충북', '단양군', '대강면'),
	(2503, '충북', '단양군', '가곡면'),
	(2504, '충북', '단양군', '영춘면'),
	(2505, '충북', '단양군', '어상천면'),
	(2506, '충북', '단양군', '적성면'),
	(2507, '충북', '단양군', '단성면'),
	(2508, '충남', '천안시 동남구', '대흥동'),
	(2509, '충남', '천안시 동남구', '성황동'),
	(2510, '충남', '천안시 동남구', '문화동'),
	(2511, '충남', '천안시 동남구', '사직동'),
	(2512, '충남', '천안시 동남구', '영성동'),
	(2513, '충남', '천안시 동남구', '오룡동'),
	(2514, '충남', '천안시 동남구', '원성동'),
	(2515, '충남', '천안시 동남구', '구성동'),
	(2516, '충남', '천안시 동남구', '청수동'),
	(2517, '충남', '천안시 동남구', '삼룡동'),
	(2518, '충남', '천안시 동남구', '청당동'),
	(2519, '충남', '천안시 동남구', '유량동'),
	(2520, '충남', '천안시 동남구', '봉명동'),
	(2521, '충남', '천안시 동남구', '다가동'),
	(2522, '충남', '천안시 동남구', '용곡동'),
	(2523, '충남', '천안시 동남구', '신방동'),
	(2524, '충남', '천안시 동남구', '쌍용동'),
	(2525, '충남', '천안시 동남구', '신부동'),
	(2526, '충남', '천안시 동남구', '안서동'),
	(2527, '충남', '천안시 동남구', '구룡동'),
	(2528, '충남', '천안시 동남구', '목천읍'),
	(2529, '충남', '천안시 동남구', '풍세면'),
	(2530, '충남', '천안시 동남구', '광덕면'),
	(2531, '충남', '천안시 동남구', '북면'),
	(2532, '충남', '천안시 동남구', '성남면'),
	(2533, '충남', '천안시 동남구', '수신면'),
	(2534, '충남', '천안시 동남구', '병천면'),
	(2535, '충남', '천안시 동남구', '동면'),
	(2536, '충남', '천안시 서북구', '와촌동'),
	(2537, '충남', '천안시 서북구', '성정동'),
	(2538, '충남', '천안시 서북구', '백석동'),
	(2539, '충남', '천안시 서북구', '두정동'),
	(2540, '충남', '천안시 서북구', '성성동'),
	(2541, '충남', '천안시 서북구', '차암동'),
	(2542, '충남', '천안시 서북구', '쌍용동'),
	(2543, '충남', '천안시 서북구', '불당동'),
	(2544, '충남', '천안시 서북구', '업성동'),
	(2545, '충남', '천안시 서북구', '신당동'),
	(2546, '충남', '천안시 서북구', '부대동'),
	(2547, '충남', '천안시 서북구', '성환읍'),
	(2548, '충남', '천안시 서북구', '성거읍'),
	(2549, '충남', '천안시 서북구', '직산읍'),
	(2550, '충남', '천안시 서북구', '입장면'),
	(2551, '충남', '공주시', '반죽동'),
	(2552, '충남', '공주시', '봉황동'),
	(2553, '충남', '공주시', '중학동'),
	(2554, '충남', '공주시', '중동'),
	(2555, '충남', '공주시', '산성동'),
	(2556, '충남', '공주시', '교동'),
	(2557, '충남', '공주시', '웅진동'),
	(2558, '충남', '공주시', '금성동'),
	(2559, '충남', '공주시', '옥룡동'),
	(2560, '충남', '공주시', '금학동'),
	(2561, '충남', '공주시', '봉정동'),
	(2562, '충남', '공주시', '주미동'),
	(2563, '충남', '공주시', '태봉동'),
	(2564, '충남', '공주시', '오곡동'),
	(2565, '충남', '공주시', '신기동'),
	(2566, '충남', '공주시', '소학동'),
	(2567, '충남', '공주시', '상왕동'),
	(2568, '충남', '공주시', '무릉동'),
	(2569, '충남', '공주시', '월송동'),
	(2570, '충남', '공주시', '신관동'),
	(2571, '충남', '공주시', '금흥동'),
	(2572, '충남', '공주시', '쌍신동'),
	(2573, '충남', '공주시', '월미동'),
	(2574, '충남', '공주시', '검상동'),
	(2575, '충남', '공주시', '석장리동'),
	(2576, '충남', '공주시', '송선동'),
	(2577, '충남', '공주시', '동현동'),
	(2578, '충남', '공주시', '유구읍'),
	(2579, '충남', '공주시', '이인면'),
	(2580, '충남', '공주시', '탄천면'),
	(2581, '충남', '공주시', '계룡면'),
	(2582, '충남', '공주시', '반포면'),
	(2583, '충남', '공주시', '의당면'),
	(2584, '충남', '공주시', '정안면'),
	(2585, '충남', '공주시', '우성면'),
	(2586, '충남', '공주시', '사곡면'),
	(2587, '충남', '공주시', '신풍면'),
	(2588, '충남', '보령시', '대천동'),
	(2589, '충남', '보령시', '죽정동'),
	(2590, '충남', '보령시', '화산동'),
	(2591, '충남', '보령시', '동대동'),
	(2592, '충남', '보령시', '명천동'),
	(2593, '충남', '보령시', '궁촌동'),
	(2594, '충남', '보령시', '내항동'),
	(2595, '충남', '보령시', '남곡동'),
	(2596, '충남', '보령시', '요암동'),
	(2597, '충남', '보령시', '신흑동'),
	(2598, '충남', '보령시', '웅천읍'),
	(2599, '충남', '보령시', '주포면'),
	(2600, '충남', '보령시', '오천면'),
	(2601, '충남', '보령시', '천북면'),
	(2602, '충남', '보령시', '청소면'),
	(2603, '충남', '보령시', '청라면'),
	(2604, '충남', '보령시', '남포면'),
	(2605, '충남', '보령시', '주산면'),
	(2606, '충남', '보령시', '미산면'),
	(2607, '충남', '보령시', '성주면'),
	(2608, '충남', '보령시', '주교면'),
	(2609, '충남', '아산시', '온천동'),
	(2610, '충남', '아산시', '실옥동'),
	(2611, '충남', '아산시', '방축동'),
	(2612, '충남', '아산시', '기산동'),
	(2613, '충남', '아산시', '초사동'),
	(2614, '충남', '아산시', '신인동'),
	(2615, '충남', '아산시', '법곡동'),
	(2616, '충남', '아산시', '장존동'),
	(2617, '충남', '아산시', '좌부동'),
	(2618, '충남', '아산시', '읍내동'),
	(2619, '충남', '아산시', '풍기동'),
	(2620, '충남', '아산시', '용화동'),
	(2621, '충남', '아산시', '모종동'),
	(2622, '충남', '아산시', '권곡동'),
	(2623, '충남', '아산시', '배미동'),
	(2624, '충남', '아산시', '득산동'),
	(2625, '충남', '아산시', '점양동'),
	(2626, '충남', '아산시', '신동'),
	(2627, '충남', '아산시', '남동'),
	(2628, '충남', '아산시', '염치읍'),
	(2629, '충남', '아산시', '배방읍'),
	(2630, '충남', '아산시', '송악면'),
	(2631, '충남', '아산시', '탕정면'),
	(2632, '충남', '아산시', '음봉면'),
	(2633, '충남', '아산시', '둔포면'),
	(2634, '충남', '아산시', '영인면'),
	(2635, '충남', '아산시', '인주면'),
	(2636, '충남', '아산시', '선장면'),
	(2637, '충남', '아산시', '도고면'),
	(2638, '충남', '아산시', '신창면'),
	(2639, '충남', '서산시', '읍내동'),
	(2640, '충남', '서산시', '동문동'),
	(2641, '충남', '서산시', '갈산동'),
	(2642, '충남', '서산시', '온석동'),
	(2643, '충남', '서산시', '잠홍동'),
	(2644, '충남', '서산시', '수석동'),
	(2645, '충남', '서산시', '석림동'),
	(2646, '충남', '서산시', '석남동'),
	(2647, '충남', '서산시', '예천동'),
	(2648, '충남', '서산시', '죽성동'),
	(2649, '충남', '서산시', '양대동'),
	(2650, '충남', '서산시', '오남동'),
	(2651, '충남', '서산시', '장동'),
	(2652, '충남', '서산시', '덕지천동'),
	(2653, '충남', '서산시', '대산읍'),
	(2654, '충남', '서산시', '인지면'),
	(2655, '충남', '서산시', '부석면'),
	(2656, '충남', '서산시', '팔봉면'),
	(2657, '충남', '서산시', '지곡면'),
	(2658, '충남', '서산시', '성연면'),
	(2659, '충남', '서산시', '음암면'),
	(2660, '충남', '서산시', '운산면'),
	(2661, '충남', '서산시', '해미면'),
	(2662, '충남', '서산시', '고북면'),
	(2663, '충남', '논산시', '화지동'),
	(2664, '충남', '논산시', '반월동'),
	(2665, '충남', '논산시', '대교동'),
	(2666, '충남', '논산시', '부창동'),
	(2667, '충남', '논산시', '취암동'),
	(2668, '충남', '논산시', '등화동'),
	(2669, '충남', '논산시', '지산동'),
	(2670, '충남', '논산시', '덕지동'),
	(2671, '충남', '논산시', '내동'),
	(2672, '충남', '논산시', '강산동'),
	(2673, '충남', '논산시', '관촉동'),
	(2674, '충남', '논산시', '강경읍'),
	(2675, '충남', '논산시', '연무읍'),
	(2676, '충남', '논산시', '성동면'),
	(2677, '충남', '논산시', '광석면'),
	(2678, '충남', '논산시', '노성면'),
	(2679, '충남', '논산시', '상월면'),
	(2680, '충남', '논산시', '부적면'),
	(2681, '충남', '논산시', '연산면'),
	(2682, '충남', '논산시', '벌곡면'),
	(2683, '충남', '논산시', '양촌면'),
	(2684, '충남', '논산시', '가야곡면'),
	(2685, '충남', '논산시', '은진면'),
	(2686, '충남', '논산시', '채운면'),
	(2687, '충남', '계룡시', '금암동'),
	(2688, '충남', '계룡시', '두마면'),
	(2689, '충남', '계룡시', '엄사면'),
	(2690, '충남', '계룡시', '신도안면'),
	(2691, '충남', '당진시', '읍내동'),
	(2692, '충남', '당진시', '채운동'),
	(2693, '충남', '당진시', '우두동'),
	(2694, '충남', '당진시', '원당동'),
	(2695, '충남', '당진시', '시곡동'),
	(2696, '충남', '당진시', '수청동'),
	(2697, '충남', '당진시', '대덕동'),
	(2698, '충남', '당진시', '행정동'),
	(2699, '충남', '당진시', '용연동'),
	(2700, '충남', '당진시', '사기소동'),
	(2701, '충남', '당진시', '구룡동'),
	(2702, '충남', '당진시', '합덕읍'),
	(2703, '충남', '당진시', '송악읍'),
	(2704, '충남', '당진시', '고대면'),
	(2705, '충남', '당진시', '석문면'),
	(2706, '충남', '당진시', '대호지면'),
	(2707, '충남', '당진시', '정미면'),
	(2708, '충남', '당진시', '면천면'),
	(2709, '충남', '당진시', '순성면'),
	(2710, '충남', '당진시', '우강면'),
	(2711, '충남', '당진시', '신평면'),
	(2712, '충남', '당진시', '송산면'),
	(2713, '충남', '금산군', '금산읍'),
	(2714, '충남', '금산군', '금성면'),
	(2715, '충남', '금산군', '제원면'),
	(2716, '충남', '금산군', '부리면'),
	(2717, '충남', '금산군', '군북면'),
	(2718, '충남', '금산군', '남일면'),
	(2719, '충남', '금산군', '남이면'),
	(2720, '충남', '금산군', '진산면'),
	(2721, '충남', '금산군', '복수면'),
	(2722, '충남', '금산군', '추부면'),
	(2723, '충남', '부여군', '부여읍'),
	(2724, '충남', '부여군', '규암면'),
	(2725, '충남', '부여군', '은산면'),
	(2726, '충남', '부여군', '외산면'),
	(2727, '충남', '부여군', '내산면'),
	(2728, '충남', '부여군', '구룡면'),
	(2729, '충남', '부여군', '홍산면'),
	(2730, '충남', '부여군', '옥산면'),
	(2731, '충남', '부여군', '남면'),
	(2732, '충남', '부여군', '충화면'),
	(2733, '충남', '부여군', '양화면'),
	(2734, '충남', '부여군', '임천면'),
	(2735, '충남', '부여군', '장암면'),
	(2736, '충남', '부여군', '세도면'),
	(2737, '충남', '부여군', '석성면'),
	(2738, '충남', '부여군', '초촌면'),
	(2739, '충남', '서천군', '장항읍'),
	(2740, '충남', '서천군', '서천읍'),
	(2741, '충남', '서천군', '마서면'),
	(2742, '충남', '서천군', '화양면'),
	(2743, '충남', '서천군', '기산면'),
	(2744, '충남', '서천군', '한산면'),
	(2745, '충남', '서천군', '마산면'),
	(2746, '충남', '서천군', '시초면'),
	(2747, '충남', '서천군', '문산면'),
	(2748, '충남', '서천군', '판교면'),
	(2749, '충남', '서천군', '종천면'),
	(2750, '충남', '서천군', '비인면'),
	(2751, '충남', '서천군', '서면'),
	(2752, '충남', '청양군', '청양읍'),
	(2753, '충남', '청양군', '운곡면'),
	(2754, '충남', '청양군', '대치면'),
	(2755, '충남', '청양군', '정산면'),
	(2756, '충남', '청양군', '목면'),
	(2757, '충남', '청양군', '청남면'),
	(2758, '충남', '청양군', '장평면'),
	(2759, '충남', '청양군', '남양면'),
	(2760, '충남', '청양군', '화성면'),
	(2761, '충남', '청양군', '비봉면'),
	(2762, '충남', '홍성군', '홍성읍'),
	(2763, '충남', '홍성군', '광천읍'),
	(2764, '충남', '홍성군', '홍북읍'),
	(2765, '충남', '홍성군', '금마면'),
	(2766, '충남', '홍성군', '홍동면'),
	(2767, '충남', '홍성군', '장곡면'),
	(2768, '충남', '홍성군', '은하면'),
	(2769, '충남', '홍성군', '결성면'),
	(2770, '충남', '홍성군', '서부면'),
	(2771, '충남', '홍성군', '갈산면'),
	(2772, '충남', '홍성군', '구항면'),
	(2773, '충남', '예산군', '예산읍'),
	(2774, '충남', '예산군', '삽교읍'),
	(2775, '충남', '예산군', '대술면'),
	(2776, '충남', '예산군', '신양면'),
	(2777, '충남', '예산군', '광시면'),
	(2778, '충남', '예산군', '대흥면'),
	(2779, '충남', '예산군', '응봉면'),
	(2780, '충남', '예산군', '덕산면'),
	(2781, '충남', '예산군', '봉산면'),
	(2782, '충남', '예산군', '고덕면'),
	(2783, '충남', '예산군', '신암면'),
	(2784, '충남', '예산군', '오가면'),
	(2785, '충남', '태안군', '태안읍'),
	(2786, '충남', '태안군', '안면읍'),
	(2787, '충남', '태안군', '고남면'),
	(2788, '충남', '태안군', '남면'),
	(2789, '충남', '태안군', '근흥면'),
	(2790, '충남', '태안군', '소원면'),
	(2791, '충남', '태안군', '원북면'),
	(2792, '충남', '태안군', '이원면'),
	(2793, '전남', '목포시', '용당동'),
	(2794, '전남', '목포시', '산정동'),
	(2795, '전남', '목포시', '연산동'),
	(2796, '전남', '목포시', '대성동'),
	(2797, '전남', '목포시', '양동'),
	(2798, '전남', '목포시', '북교동'),
	(2799, '전남', '목포시', '남교동'),
	(2800, '전남', '목포시', '호남동'),
	(2801, '전남', '목포시', '대안동'),
	(2802, '전남', '목포시', '창평동'),
	(2803, '전남', '목포시', '명륜동'),
	(2804, '전남', '목포시', '죽동'),
	(2805, '전남', '목포시', '무안동'),
	(2806, '전남', '목포시', '측후동'),
	(2807, '전남', '목포시', '상락동1가'),
	(2808, '전남', '목포시', '상락동2가'),
	(2809, '전남', '목포시', '복만동'),
	(2810, '전남', '목포시', '동명동'),
	(2811, '전남', '목포시', '광동1가'),
	(2812, '전남', '목포시', '광동2가'),
	(2813, '전남', '목포시', '광동3가'),
	(2814, '전남', '목포시', '영해동1가'),
	(2815, '전남', '목포시', '영해동2가'),
	(2816, '전남', '목포시', '행복동1가'),
	(2817, '전남', '목포시', '행복동2가'),
	(2818, '전남', '목포시', '축복동1가'),
	(2819, '전남', '목포시', '축복동2가'),
	(2820, '전남', '목포시', '축복동3가'),
	(2821, '전남', '목포시', '보광동1가'),
	(2822, '전남', '목포시', '보광동2가'),
	(2823, '전남', '목포시', '보광동3가'),
	(2824, '전남', '목포시', '유달동'),
	(2825, '전남', '목포시', '대의동1가'),
	(2826, '전남', '목포시', '대의동2가'),
	(2827, '전남', '목포시', '대의동3가'),
	(2828, '전남', '목포시', '중앙동1가'),
	(2829, '전남', '목포시', '중앙동2가'),
	(2830, '전남', '목포시', '중앙동3가'),
	(2831, '전남', '목포시', '만호동'),
	(2832, '전남', '목포시', '수강동1가'),
	(2833, '전남', '목포시', '수강동2가'),
	(2834, '전남', '목포시', '해안동1가'),
	(2835, '전남', '목포시', '해안동2가'),
	(2836, '전남', '목포시', '해안동3가'),
	(2837, '전남', '목포시', '해안동4가'),
	(2838, '전남', '목포시', '항동'),
	(2839, '전남', '목포시', '중동1가'),
	(2840, '전남', '목포시', '중동2가'),
	(2841, '전남', '목포시', '유동'),
	(2842, '전남', '목포시', '금동1가'),
	(2843, '전남', '목포시', '금동2가'),
	(2844, '전남', '목포시', '경동1가'),
	(2845, '전남', '목포시', '경동2가'),
	(2846, '전남', '목포시', '서산동'),
	(2847, '전남', '목포시', '금화동'),
	(2848, '전남', '목포시', '온금동'),
	(2849, '전남', '목포시', '죽교동'),
	(2850, '전남', '목포시', '상동'),
	(2851, '전남', '목포시', '용해동'),
	(2852, '전남', '목포시', '석현동'),
	(2853, '전남', '목포시', '달동'),
	(2854, '전남', '목포시', '율도동'),
	(2855, '전남', '목포시', '대양동'),
	(2856, '전남', '목포시', '옥암동'),
	(2857, '전남', '여수시', '종화동'),
	(2858, '전남', '여수시', '수정동'),
	(2859, '전남', '여수시', '공화동'),
	(2860, '전남', '여수시', '관문동'),
	(2861, '전남', '여수시', '고소동'),
	(2862, '전남', '여수시', '동산동'),
	(2863, '전남', '여수시', '중앙동'),
	(2864, '전남', '여수시', '교동'),
	(2865, '전남', '여수시', '군자동'),
	(2866, '전남', '여수시', '충무동'),
	(2867, '전남', '여수시', '연등동'),
	(2868, '전남', '여수시', '광무동'),
	(2869, '전남', '여수시', '서교동'),
	(2870, '전남', '여수시', '봉강동'),
	(2871, '전남', '여수시', '봉산동'),
	(2872, '전남', '여수시', '남산동'),
	(2873, '전남', '여수시', '국동'),
	(2874, '전남', '여수시', '신월동'),
	(2875, '전남', '여수시', '여서동'),
	(2876, '전남', '여수시', '문수동'),
	(2877, '전남', '여수시', '오림동'),
	(2878, '전남', '여수시', '미평동'),
	(2879, '전남', '여수시', '둔덕동'),
	(2880, '전남', '여수시', '오천동'),
	(2881, '전남', '여수시', '만흥동'),
	(2882, '전남', '여수시', '덕충동'),
	(2883, '전남', '여수시', '경호동'),
	(2884, '전남', '여수시', '학동'),
	(2885, '전남', '여수시', '학용동'),
	(2886, '전남', '여수시', '안산동'),
	(2887, '전남', '여수시', '소호동'),
	(2888, '전남', '여수시', '시전동'),
	(2889, '전남', '여수시', '신기동'),
	(2890, '전남', '여수시', '웅천동'),
	(2891, '전남', '여수시', '선원동'),
	(2892, '전남', '여수시', '여천동'),
	(2893, '전남', '여수시', '화장동'),
	(2894, '전남', '여수시', '주삼동'),
	(2895, '전남', '여수시', '봉계동'),
	(2896, '전남', '여수시', '해산동'),
	(2897, '전남', '여수시', '화치동'),
	(2898, '전남', '여수시', '월하동'),
	(2899, '전남', '여수시', '평여동'),
	(2900, '전남', '여수시', '중흥동'),
	(2901, '전남', '여수시', '적량동'),
	(2902, '전남', '여수시', '월내동'),
	(2903, '전남', '여수시', '묘도동'),
	(2904, '전남', '여수시', '낙포동'),
	(2905, '전남', '여수시', '신덕동'),
	(2906, '전남', '여수시', '상암동'),
	(2907, '전남', '여수시', '호명동'),
	(2908, '전남', '여수시', '돌산읍'),
	(2909, '전남', '여수시', '소라면'),
	(2910, '전남', '여수시', '율촌면'),
	(2911, '전남', '여수시', '화양면'),
	(2912, '전남', '여수시', '남면'),
	(2913, '전남', '여수시', '화정면'),
	(2914, '전남', '여수시', '삼산면'),
	(2915, '전남', '순천시', '삼거동'),
	(2916, '전남', '순천시', '와룡동'),
	(2917, '전남', '순천시', '영동'),
	(2918, '전남', '순천시', '옥천동'),
	(2919, '전남', '순천시', '행동'),
	(2920, '전남', '순천시', '금곡동'),
	(2921, '전남', '순천시', '매곡동'),
	(2922, '전남', '순천시', '석현동'),
	(2923, '전남', '순천시', '가곡동'),
	(2924, '전남', '순천시', '용당동'),
	(2925, '전남', '순천시', '조곡동'),
	(2926, '전남', '순천시', '생목동'),
	(2927, '전남', '순천시', '덕암동'),
	(2928, '전남', '순천시', '연향동'),
	(2929, '전남', '순천시', '풍덕동'),
	(2930, '전남', '순천시', '남정동'),
	(2931, '전남', '순천시', '인제동'),
	(2932, '전남', '순천시', '저전동'),
	(2933, '전남', '순천시', '장천동'),
	(2934, '전남', '순천시', '남내동'),
	(2935, '전남', '순천시', '중앙동'),
	(2936, '전남', '순천시', '동외동'),
	(2937, '전남', '순천시', '교량동'),
	(2938, '전남', '순천시', '대룡동'),
	(2939, '전남', '순천시', '홍내동'),
	(2940, '전남', '순천시', '오천동'),
	(2941, '전남', '순천시', '덕월동'),
	(2942, '전남', '순천시', '야흥동'),
	(2943, '전남', '순천시', '인월동'),
	(2944, '전남', '순천시', '안풍동'),
	(2945, '전남', '순천시', '대대동'),
	(2946, '전남', '순천시', '왕지동'),
	(2947, '전남', '순천시', '조례동'),
	(2948, '전남', '순천시', '승주읍'),
	(2949, '전남', '순천시', '해룡면'),
	(2950, '전남', '순천시', '서면'),
	(2951, '전남', '순천시', '황전면'),
	(2952, '전남', '순천시', '월등면'),
	(2953, '전남', '순천시', '주암면'),
	(2954, '전남', '순천시', '송광면'),
	(2955, '전남', '순천시', '외서면'),
	(2956, '전남', '순천시', '낙안면'),
	(2957, '전남', '순천시', '별량면'),
	(2958, '전남', '순천시', '상사면'),
	(2959, '전남', '나주시', '토계동'),
	(2960, '전남', '나주시', '송월동'),
	(2961, '전남', '나주시', '안창동'),
	(2962, '전남', '나주시', '삼영동'),
	(2963, '전남', '나주시', '교동'),
	(2964, '전남', '나주시', '서내동'),
	(2965, '전남', '나주시', '산정동'),
	(2966, '전남', '나주시', '경현동'),
	(2967, '전남', '나주시', '보산동'),
	(2968, '전남', '나주시', '금계동'),
	(2969, '전남', '나주시', '금성동'),
	(2970, '전남', '나주시', '남내동'),
	(2971, '전남', '나주시', '과원동'),
	(2972, '전남', '나주시', '성북동'),
	(2973, '전남', '나주시', '중앙동'),
	(2974, '전남', '나주시', '대호동'),
	(2975, '전남', '나주시', '송촌동'),
	(2976, '전남', '나주시', '석현동'),
	(2977, '전남', '나주시', '청동'),
	(2978, '전남', '나주시', '남외동'),
	(2979, '전남', '나주시', '죽림동'),
	(2980, '전남', '나주시', '삼도동'),
	(2981, '전남', '나주시', '영산동'),
	(2982, '전남', '나주시', '용산동'),
	(2983, '전남', '나주시', '관정동'),
	(2984, '전남', '나주시', '평산동'),
	(2985, '전남', '나주시', '부덕동'),
	(2986, '전남', '나주시', '이창동'),
	(2987, '전남', '나주시', '대기동'),
	(2988, '전남', '나주시', '운곡동'),
	(2989, '전남', '나주시', '동수동'),
	(2990, '전남', '나주시', '오량동'),
	(2991, '전남', '나주시', '진포동'),
	(2992, '전남', '나주시', '빛가람동'),
	(2993, '전남', '나주시', '남평읍'),
	(2994, '전남', '나주시', '세지면'),
	(2995, '전남', '나주시', '왕곡면'),
	(2996, '전남', '나주시', '반남면'),
	(2997, '전남', '나주시', '공산면'),
	(2998, '전남', '나주시', '동강면'),
	(2999, '전남', '나주시', '다시면'),
	(3000, '전남', '나주시', '문평면'),
	(3001, '전남', '나주시', '노안면'),
	(3002, '전남', '나주시', '금천면'),
	(3003, '전남', '나주시', '산포면'),
	(3004, '전남', '나주시', '다도면'),
	(3005, '전남', '나주시', '봉황면'),
	(3006, '전남', '광양시', '황금동'),
	(3007, '전남', '광양시', '황길동'),
	(3008, '전남', '광양시', '도이동'),
	(3009, '전남', '광양시', '성황동'),
	(3010, '전남', '광양시', '중군동'),
	(3011, '전남', '광양시', '중동'),
	(3012, '전남', '광양시', '마동'),
	(3013, '전남', '광양시', '광영동'),
	(3014, '전남', '광양시', '태인동'),
	(3015, '전남', '광양시', '금호동'),
	(3016, '전남', '광양시', '광양읍'),
	(3017, '전남', '광양시', '봉강면'),
	(3018, '전남', '광양시', '옥룡면'),
	(3019, '전남', '광양시', '옥곡면'),
	(3020, '전남', '광양시', '진상면'),
	(3021, '전남', '광양시', '진월면'),
	(3022, '전남', '광양시', '다압면'),
	(3023, '전남', '담양군', '담양읍'),
	(3024, '전남', '담양군', '봉산면'),
	(3025, '전남', '담양군', '고서면'),
	(3026, '전남', '담양군', '가사문학면'),
	(3027, '전남', '담양군', '창평면'),
	(3028, '전남', '담양군', '대덕면'),
	(3029, '전남', '담양군', '무정면'),
	(3030, '전남', '담양군', '금성면'),
	(3031, '전남', '담양군', '용면'),
	(3032, '전남', '담양군', '월산면'),
	(3033, '전남', '담양군', '수북면'),
	(3034, '전남', '담양군', '대전면'),
	(3035, '전남', '곡성군', '곡성읍'),
	(3036, '전남', '곡성군', '오곡면'),
	(3037, '전남', '곡성군', '삼기면'),
	(3038, '전남', '곡성군', '석곡면'),
	(3039, '전남', '곡성군', '목사동면'),
	(3040, '전남', '곡성군', '죽곡면'),
	(3041, '전남', '곡성군', '고달면'),
	(3042, '전남', '곡성군', '옥과면'),
	(3043, '전남', '곡성군', '입면'),
	(3044, '전남', '곡성군', '겸면'),
	(3045, '전남', '곡성군', '오산면'),
	(3046, '전남', '구례군', '구례읍'),
	(3047, '전남', '구례군', '문척면'),
	(3048, '전남', '구례군', '간전면'),
	(3049, '전남', '구례군', '토지면'),
	(3050, '전남', '구례군', '마산면'),
	(3051, '전남', '구례군', '광의면'),
	(3052, '전남', '구례군', '용방면'),
	(3053, '전남', '구례군', '산동면'),
	(3054, '전남', '고흥군', '고흥읍'),
	(3055, '전남', '고흥군', '도양읍'),
	(3056, '전남', '고흥군', '풍양면'),
	(3057, '전남', '고흥군', '도덕면'),
	(3058, '전남', '고흥군', '금산면'),
	(3059, '전남', '고흥군', '도화면'),
	(3060, '전남', '고흥군', '포두면'),
	(3061, '전남', '고흥군', '봉래면'),
	(3062, '전남', '고흥군', '점암면'),
	(3063, '전남', '고흥군', '과역면'),
	(3064, '전남', '고흥군', '남양면'),
	(3065, '전남', '고흥군', '동강면'),
	(3066, '전남', '고흥군', '대서면'),
	(3067, '전남', '고흥군', '두원면'),
	(3068, '전남', '고흥군', '영남면'),
	(3069, '전남', '고흥군', '동일면'),
	(3070, '전남', '보성군', '보성읍'),
	(3071, '전남', '보성군', '벌교읍'),
	(3072, '전남', '보성군', '노동면'),
	(3073, '전남', '보성군', '미력면'),
	(3074, '전남', '보성군', '겸백면'),
	(3075, '전남', '보성군', '율어면'),
	(3076, '전남', '보성군', '복내면'),
	(3077, '전남', '보성군', '문덕면'),
	(3078, '전남', '보성군', '조성면'),
	(3079, '전남', '보성군', '득량면'),
	(3080, '전남', '보성군', '회천면'),
	(3081, '전남', '보성군', '웅치면'),
	(3082, '전남', '화순군', '화순읍'),
	(3083, '전남', '화순군', '한천면'),
	(3084, '전남', '화순군', '춘양면'),
	(3085, '전남', '화순군', '청풍면'),
	(3086, '전남', '화순군', '이양면'),
	(3087, '전남', '화순군', '능주면'),
	(3088, '전남', '화순군', '도곡면'),
	(3089, '전남', '화순군', '도암면'),
	(3090, '전남', '화순군', '이서면'),
	(3091, '전남', '화순군', '백아면'),
	(3092, '전남', '화순군', '동복면'),
	(3093, '전남', '화순군', '사평면'),
	(3094, '전남', '화순군', '동면'),
	(3095, '전남', '장흥군', '장흥읍'),
	(3096, '전남', '장흥군', '관산읍'),
	(3097, '전남', '장흥군', '대덕읍'),
	(3098, '전남', '장흥군', '용산면'),
	(3099, '전남', '장흥군', '안양면'),
	(3100, '전남', '장흥군', '장동면'),
	(3101, '전남', '장흥군', '장평면'),
	(3102, '전남', '장흥군', '유치면'),
	(3103, '전남', '장흥군', '부산면'),
	(3104, '전남', '장흥군', '회진면'),
	(3105, '전남', '강진군', '강진읍'),
	(3106, '전남', '강진군', '군동면'),
	(3107, '전남', '강진군', '칠량면'),
	(3108, '전남', '강진군', '대구면'),
	(3109, '전남', '강진군', '도암면'),
	(3110, '전남', '강진군', '신전면'),
	(3111, '전남', '강진군', '성전면'),
	(3112, '전남', '강진군', '작천면'),
	(3113, '전남', '강진군', '병영면'),
	(3114, '전남', '강진군', '옴천면'),
	(3115, '전남', '강진군', '마량면'),
	(3116, '전남', '해남군', '해남읍'),
	(3117, '전남', '해남군', '삼산면'),
	(3118, '전남', '해남군', '화산면'),
	(3119, '전남', '해남군', '현산면'),
	(3120, '전남', '해남군', '송지면'),
	(3121, '전남', '해남군', '북평면'),
	(3122, '전남', '해남군', '북일면'),
	(3123, '전남', '해남군', '옥천면'),
	(3124, '전남', '해남군', '계곡면'),
	(3125, '전남', '해남군', '마산면'),
	(3126, '전남', '해남군', '황산면'),
	(3127, '전남', '해남군', '산이면'),
	(3128, '전남', '해남군', '문내면'),
	(3129, '전남', '해남군', '화원면'),
	(3130, '전남', '영암군', '영암읍'),
	(3131, '전남', '영암군', '삼호읍'),
	(3132, '전남', '영암군', '덕진면'),
	(3133, '전남', '영암군', '금정면'),
	(3134, '전남', '영암군', '신북면'),
	(3135, '전남', '영암군', '시종면'),
	(3136, '전남', '영암군', '도포면'),
	(3137, '전남', '영암군', '군서면'),
	(3138, '전남', '영암군', '서호면'),
	(3139, '전남', '영암군', '학산면'),
	(3140, '전남', '영암군', '미암면'),
	(3141, '전남', '무안군', '무안읍'),
	(3142, '전남', '무안군', '일로읍'),
	(3143, '전남', '무안군', '삼향읍'),
	(3144, '전남', '무안군', '몽탄면'),
	(3145, '전남', '무안군', '청계면'),
	(3146, '전남', '무안군', '현경면'),
	(3147, '전남', '무안군', '망운면'),
	(3148, '전남', '무안군', '해제면'),
	(3149, '전남', '무안군', '운남면'),
	(3150, '전남', '함평군', '함평읍'),
	(3151, '전남', '함평군', '손불면'),
	(3152, '전남', '함평군', '신광면'),
	(3153, '전남', '함평군', '학교면'),
	(3154, '전남', '함평군', '엄다면'),
	(3155, '전남', '함평군', '대동면'),
	(3156, '전남', '함평군', '나산면'),
	(3157, '전남', '함평군', '해보면'),
	(3158, '전남', '함평군', '월야면'),
	(3159, '전남', '영광군', '영광읍'),
	(3160, '전남', '영광군', '백수읍'),
	(3161, '전남', '영광군', '홍농읍'),
	(3162, '전남', '영광군', '대마면'),
	(3163, '전남', '영광군', '묘량면'),
	(3164, '전남', '영광군', '불갑면'),
	(3165, '전남', '영광군', '군서면'),
	(3166, '전남', '영광군', '군남면'),
	(3167, '전남', '영광군', '염산면'),
	(3168, '전남', '영광군', '법성면'),
	(3169, '전남', '영광군', '낙월면'),
	(3170, '전남', '장성군', '장성읍'),
	(3171, '전남', '장성군', '진원면'),
	(3172, '전남', '장성군', '남면'),
	(3173, '전남', '장성군', '동화면'),
	(3174, '전남', '장성군', '삼서면'),
	(3175, '전남', '장성군', '삼계면'),
	(3176, '전남', '장성군', '황룡면'),
	(3177, '전남', '장성군', '서삼면'),
	(3178, '전남', '장성군', '북일면'),
	(3179, '전남', '장성군', '북이면'),
	(3180, '전남', '장성군', '북하면'),
	(3181, '전남', '완도군', '완도읍'),
	(3182, '전남', '완도군', '금일읍'),
	(3183, '전남', '완도군', '노화읍'),
	(3184, '전남', '완도군', '군외면'),
	(3185, '전남', '완도군', '신지면'),
	(3186, '전남', '완도군', '고금면'),
	(3187, '전남', '완도군', '약산면'),
	(3188, '전남', '완도군', '청산면'),
	(3189, '전남', '완도군', '소안면'),
	(3190, '전남', '완도군', '금당면'),
	(3191, '전남', '완도군', '보길면'),
	(3192, '전남', '완도군', '생일면'),
	(3193, '전남', '진도군', '진도읍'),
	(3194, '전남', '진도군', '군내면'),
	(3195, '전남', '진도군', '고군면'),
	(3196, '전남', '진도군', '의신면'),
	(3197, '전남', '진도군', '임회면'),
	(3198, '전남', '진도군', '지산면'),
	(3199, '전남', '진도군', '조도면'),
	(3200, '전남', '신안군', '지도읍'),
	(3201, '전남', '신안군', '압해읍'),
	(3202, '전남', '신안군', '증도면'),
	(3203, '전남', '신안군', '임자면'),
	(3204, '전남', '신안군', '자은면'),
	(3205, '전남', '신안군', '비금면'),
	(3206, '전남', '신안군', '도초면'),
	(3207, '전남', '신안군', '흑산면'),
	(3208, '전남', '신안군', '하의면'),
	(3209, '전남', '신안군', '신의면'),
	(3210, '전남', '신안군', '장산면'),
	(3211, '전남', '신안군', '안좌면'),
	(3212, '전남', '신안군', '팔금면'),
	(3213, '전남', '신안군', '암태면'),
	(3214, '경북', '포항시 남구', '상도동'),
	(3215, '경북', '포항시 남구', '대도동'),
	(3216, '경북', '포항시 남구', '해도동'),
	(3217, '경북', '포항시 남구', '송도동'),
	(3218, '경북', '포항시 남구', '청림동'),
	(3219, '경북', '포항시 남구', '일월동'),
	(3220, '경북', '포항시 남구', '송정동'),
	(3221, '경북', '포항시 남구', '송내동'),
	(3222, '경북', '포항시 남구', '괴동동'),
	(3223, '경북', '포항시 남구', '동촌동'),
	(3224, '경북', '포항시 남구', '장흥동'),
	(3225, '경북', '포항시 남구', '인덕동'),
	(3226, '경북', '포항시 남구', '호동'),
	(3227, '경북', '포항시 남구', '효자동'),
	(3228, '경북', '포항시 남구', '지곡동'),
	(3229, '경북', '포항시 남구', '대잠동'),
	(3230, '경북', '포항시 남구', '이동'),
	(3231, '경북', '포항시 남구', '구룡포읍'),
	(3232, '경북', '포항시 남구', '연일읍'),
	(3233, '경북', '포항시 남구', '오천읍'),
	(3234, '경북', '포항시 남구', '대송면'),
	(3235, '경북', '포항시 남구', '동해면'),
	(3236, '경북', '포항시 남구', '장기면'),
	(3237, '경북', '포항시 남구', '호미곶면'),
	(3238, '경북', '포항시 북구', '대흥동'),
	(3239, '경북', '포항시 북구', '신흥동'),
	(3240, '경북', '포항시 북구', '남빈동'),
	(3241, '경북', '포항시 북구', '상원동'),
	(3242, '경북', '포항시 북구', '여천동'),
	(3243, '경북', '포항시 북구', '중앙동'),
	(3244, '경북', '포항시 북구', '덕산동'),
	(3245, '경북', '포항시 북구', '덕수동'),
	(3246, '경북', '포항시 북구', '대신동'),
	(3247, '경북', '포항시 북구', '동빈1가'),
	(3248, '경북', '포항시 북구', '동빈2가'),
	(3249, '경북', '포항시 북구', '학산동'),
	(3250, '경북', '포항시 북구', '항구동'),
	(3251, '경북', '포항시 북구', '득량동'),
	(3252, '경북', '포항시 북구', '학잠동'),
	(3253, '경북', '포항시 북구', '죽도동'),
	(3254, '경북', '포항시 북구', '용흥동'),
	(3255, '경북', '포항시 북구', '우현동'),
	(3256, '경북', '포항시 북구', '창포동'),
	(3257, '경북', '포항시 북구', '두호동'),
	(3258, '경북', '포항시 북구', '장성동'),
	(3259, '경북', '포항시 북구', '양덕동'),
	(3260, '경북', '포항시 북구', '환호동'),
	(3261, '경북', '포항시 북구', '여남동'),
	(3262, '경북', '포항시 북구', '흥해읍'),
	(3263, '경북', '포항시 북구', '신광면'),
	(3264, '경북', '포항시 북구', '청하면'),
	(3265, '경북', '포항시 북구', '송라면'),
	(3266, '경북', '포항시 북구', '기계면'),
	(3267, '경북', '포항시 북구', '죽장면'),
	(3268, '경북', '포항시 북구', '기북면'),
	(3269, '경북', '경주시', '동부동'),
	(3270, '경북', '경주시', '서부동'),
	(3271, '경북', '경주시', '북부동'),
	(3272, '경북', '경주시', '성동동'),
	(3273, '경북', '경주시', '황오동'),
	(3274, '경북', '경주시', '노동동'),
	(3275, '경북', '경주시', '노서동'),
	(3276, '경북', '경주시', '성건동'),
	(3277, '경북', '경주시', '사정동'),
	(3278, '경북', '경주시', '황남동'),
	(3279, '경북', '경주시', '교동'),
	(3280, '경북', '경주시', '인왕동'),
	(3281, '경북', '경주시', '탑동'),
	(3282, '경북', '경주시', '충효동'),
	(3283, '경북', '경주시', '서악동'),
	(3284, '경북', '경주시', '효현동'),
	(3285, '경북', '경주시', '광명동'),
	(3286, '경북', '경주시', '동방동'),
	(3287, '경북', '경주시', '도지동'),
	(3288, '경북', '경주시', '남산동'),
	(3289, '경북', '경주시', '배반동'),
	(3290, '경북', '경주시', '구황동'),
	(3291, '경북', '경주시', '보문동'),
	(3292, '경북', '경주시', '황성동'),
	(3293, '경북', '경주시', '용강동'),
	(3294, '경북', '경주시', '동천동'),
	(3295, '경북', '경주시', '평동'),
	(3296, '경북', '경주시', '조양동'),
	(3297, '경북', '경주시', '시동'),
	(3298, '경북', '경주시', '시래동'),
	(3299, '경북', '경주시', '구정동'),
	(3300, '경북', '경주시', '마동'),
	(3301, '경북', '경주시', '하동'),
	(3302, '경북', '경주시', '진현동'),
	(3303, '경북', '경주시', '천군동'),
	(3304, '경북', '경주시', '신평동'),
	(3305, '경북', '경주시', '덕동'),
	(3306, '경북', '경주시', '암곡동'),
	(3307, '경북', '경주시', '황용동'),
	(3308, '경북', '경주시', '북군동'),
	(3309, '경북', '경주시', '손곡동'),
	(3310, '경북', '경주시', '율동'),
	(3311, '경북', '경주시', '배동'),
	(3312, '경북', '경주시', '석장동'),
	(3313, '경북', '경주시', '감포읍'),
	(3314, '경북', '경주시', '안강읍'),
	(3315, '경북', '경주시', '건천읍'),
	(3316, '경북', '경주시', '외동읍'),
	(3317, '경북', '경주시', '문무대왕면'),
	(3318, '경북', '경주시', '양남면'),
	(3319, '경북', '경주시', '내남면'),
	(3320, '경북', '경주시', '산내면'),
	(3321, '경북', '경주시', '서면'),
	(3322, '경북', '경주시', '현곡면'),
	(3323, '경북', '경주시', '강동면'),
	(3324, '경북', '경주시', '천북면'),
	(3325, '경북', '김천시', '감호동'),
	(3326, '경북', '김천시', '용두동'),
	(3327, '경북', '김천시', '모암동'),
	(3328, '경북', '김천시', '성내동'),
	(3329, '경북', '김천시', '평화동'),
	(3330, '경북', '김천시', '남산동'),
	(3331, '경북', '김천시', '황금동'),
	(3332, '경북', '김천시', '신음동'),
	(3333, '경북', '김천시', '교동'),
	(3334, '경북', '김천시', '삼락동'),
	(3335, '경북', '김천시', '문당동'),
	(3336, '경북', '김천시', '다수동'),
	(3337, '경북', '김천시', '백옥동'),
	(3338, '경북', '김천시', '부곡동'),
	(3339, '경북', '김천시', '지좌동'),
	(3340, '경북', '김천시', '덕곡동'),
	(3341, '경북', '김천시', '대광동'),
	(3342, '경북', '김천시', '응명동'),
	(3343, '경북', '김천시', '양천동'),
	(3344, '경북', '김천시', '율곡동'),
	(3345, '경북', '김천시', '아포읍'),
	(3346, '경북', '김천시', '농소면'),
	(3347, '경북', '김천시', '남면'),
	(3348, '경북', '김천시', '개령면'),
	(3349, '경북', '김천시', '감문면'),
	(3350, '경북', '김천시', '어모면'),
	(3351, '경북', '김천시', '봉산면'),
	(3352, '경북', '김천시', '대항면'),
	(3353, '경북', '김천시', '감천면'),
	(3354, '경북', '김천시', '조마면'),
	(3355, '경북', '김천시', '구성면'),
	(3356, '경북', '김천시', '지례면'),
	(3357, '경북', '김천시', '부항면'),
	(3358, '경북', '김천시', '대덕면'),
	(3359, '경북', '김천시', '증산면'),
	(3360, '경북', '안동시', '삼산동'),
	(3361, '경북', '안동시', '서부동'),
	(3362, '경북', '안동시', '북문동'),
	(3363, '경북', '안동시', '명륜동'),
	(3364, '경북', '안동시', '신안동'),
	(3365, '경북', '안동시', '율세동'),
	(3366, '경북', '안동시', '옥정동'),
	(3367, '경북', '안동시', '신세동'),
	(3368, '경북', '안동시', '법흥동'),
	(3369, '경북', '안동시', '용상동'),
	(3370, '경북', '안동시', '동문동'),
	(3371, '경북', '안동시', '동부동'),
	(3372, '경북', '안동시', '운흥동'),
	(3373, '경북', '안동시', '천리동'),
	(3374, '경북', '안동시', '남부동'),
	(3375, '경북', '안동시', '남문동'),
	(3376, '경북', '안동시', '안흥동'),
	(3377, '경북', '안동시', '대석동'),
	(3378, '경북', '안동시', '옥야동'),
	(3379, '경북', '안동시', '광석동'),
	(3380, '경북', '안동시', '당북동'),
	(3381, '경북', '안동시', '태화동'),
	(3382, '경북', '안동시', '화성동'),
	(3383, '경북', '안동시', '목성동'),
	(3384, '경북', '안동시', '법상동'),
	(3385, '경북', '안동시', '금곡동'),
	(3386, '경북', '안동시', '평화동'),
	(3387, '경북', '안동시', '안기동'),
	(3388, '경북', '안동시', '운안동'),
	(3389, '경북', '안동시', '성곡동'),
	(3390, '경북', '안동시', '상아동'),
	(3391, '경북', '안동시', '안막동'),
	(3392, '경북', '안동시', '옥동'),
	(3393, '경북', '안동시', '이천동'),
	(3394, '경북', '안동시', '노하동'),
	(3395, '경북', '안동시', '송현동'),
	(3396, '경북', '안동시', '송천동'),
	(3397, '경북', '안동시', '석동동'),
	(3398, '경북', '안동시', '정상동'),
	(3399, '경북', '안동시', '정하동'),
	(3400, '경북', '안동시', '수상동'),
	(3401, '경북', '안동시', '수하동'),
	(3402, '경북', '안동시', '풍산읍'),
	(3403, '경북', '안동시', '와룡면'),
	(3404, '경북', '안동시', '북후면'),
	(3405, '경북', '안동시', '서후면'),
	(3406, '경북', '안동시', '풍천면'),
	(3407, '경북', '안동시', '일직면'),
	(3408, '경북', '안동시', '남후면'),
	(3409, '경북', '안동시', '남선면'),
	(3410, '경북', '안동시', '임하면'),
	(3411, '경북', '안동시', '길안면'),
	(3412, '경북', '안동시', '임동면'),
	(3413, '경북', '안동시', '예안면'),
	(3414, '경북', '안동시', '도산면'),
	(3415, '경북', '안동시', '녹전면'),
	(3416, '경북', '구미시', '원평동'),
	(3417, '경북', '구미시', '지산동'),
	(3418, '경북', '구미시', '도량동'),
	(3419, '경북', '구미시', '봉곡동'),
	(3420, '경북', '구미시', '부곡동'),
	(3421, '경북', '구미시', '선기동'),
	(3422, '경북', '구미시', '수점동'),
	(3423, '경북', '구미시', '남통동'),
	(3424, '경북', '구미시', '형곡동'),
	(3425, '경북', '구미시', '송정동'),
	(3426, '경북', '구미시', '신평동'),
	(3427, '경북', '구미시', '비산동'),
	(3428, '경북', '구미시', '공단동'),
	(3429, '경북', '구미시', '광평동'),
	(3430, '경북', '구미시', '사곡동'),
	(3431, '경북', '구미시', '상모동'),
	(3432, '경북', '구미시', '임은동'),
	(3433, '경북', '구미시', '오태동'),
	(3434, '경북', '구미시', '신동'),
	(3435, '경북', '구미시', '구평동'),
	(3436, '경북', '구미시', '황상동'),
	(3437, '경북', '구미시', '인의동'),
	(3438, '경북', '구미시', '진평동'),
	(3439, '경북', '구미시', '시미동'),
	(3440, '경북', '구미시', '임수동'),
	(3441, '경북', '구미시', '양호동'),
	(3442, '경북', '구미시', '거의동'),
	(3443, '경북', '구미시', '옥계동'),
	(3444, '경북', '구미시', '구포동'),
	(3445, '경북', '구미시', '금전동'),
	(3446, '경북', '구미시', '선산읍'),
	(3447, '경북', '구미시', '고아읍'),
	(3448, '경북', '구미시', '산동읍'),
	(3449, '경북', '구미시', '무을면'),
	(3450, '경북', '구미시', '옥성면'),
	(3451, '경북', '구미시', '도개면'),
	(3452, '경북', '구미시', '해평면'),
	(3453, '경북', '구미시', '장천면'),
	(3454, '경북', '영주시', '영주동'),
	(3455, '경북', '영주시', '상망동'),
	(3456, '경북', '영주시', '하망동'),
	(3457, '경북', '영주시', '휴천동'),
	(3458, '경북', '영주시', '가흥동'),
	(3459, '경북', '영주시', '문정동'),
	(3460, '경북', '영주시', '고현동'),
	(3461, '경북', '영주시', '창진동'),
	(3462, '경북', '영주시', '상줄동'),
	(3463, '경북', '영주시', '조와동'),
	(3464, '경북', '영주시', '조암동'),
	(3465, '경북', '영주시', '적서동'),
	(3466, '경북', '영주시', '아지동'),
	(3467, '경북', '영주시', '풍기읍'),
	(3468, '경북', '영주시', '이산면'),
	(3469, '경북', '영주시', '평은면'),
	(3470, '경북', '영주시', '문수면'),
	(3471, '경북', '영주시', '장수면'),
	(3472, '경북', '영주시', '안정면'),
	(3473, '경북', '영주시', '봉현면'),
	(3474, '경북', '영주시', '순흥면'),
	(3475, '경북', '영주시', '단산면'),
	(3476, '경북', '영주시', '부석면'),
	(3477, '경북', '영천시', '조교동'),
	(3478, '경북', '영천시', '망정동'),
	(3479, '경북', '영천시', '야사동'),
	(3480, '경북', '영천시', '문내동'),
	(3481, '경북', '영천시', '문외동'),
	(3482, '경북', '영천시', '창구동'),
	(3483, '경북', '영천시', '교촌동'),
	(3484, '경북', '영천시', '과전동'),
	(3485, '경북', '영천시', '성내동'),
	(3486, '경북', '영천시', '화룡동'),
	(3487, '경북', '영천시', '도동'),
	(3488, '경북', '영천시', '금노동'),
	(3489, '경북', '영천시', '완산동'),
	(3490, '경북', '영천시', '범어동'),
	(3491, '경북', '영천시', '작산동'),
	(3492, '경북', '영천시', '봉동'),
	(3493, '경북', '영천시', '본촌동'),
	(3494, '경북', '영천시', '채신동'),
	(3495, '경북', '영천시', '괴연동'),
	(3496, '경북', '영천시', '대전동'),
	(3497, '경북', '영천시', '녹전동'),
	(3498, '경북', '영천시', '도림동'),
	(3499, '경북', '영천시', '오미동'),
	(3500, '경북', '영천시', '오수동'),
	(3501, '경북', '영천시', '쌍계동'),
	(3502, '경북', '영천시', '도남동'),
	(3503, '경북', '영천시', '매산동'),
	(3504, '경북', '영천시', '언하동'),
	(3505, '경북', '영천시', '신기동'),
	(3506, '경북', '영천시', '서산동'),
	(3507, '경북', '영천시', '금호읍'),
	(3508, '경북', '영천시', '청통면'),
	(3509, '경북', '영천시', '신녕면'),
	(3510, '경북', '영천시', '화산면'),
	(3511, '경북', '영천시', '화북면'),
	(3512, '경북', '영천시', '화남면'),
	(3513, '경북', '영천시', '자양면'),
	(3514, '경북', '영천시', '임고면'),
	(3515, '경북', '영천시', '고경면'),
	(3516, '경북', '영천시', '북안면'),
	(3517, '경북', '영천시', '대창면'),
	(3518, '경북', '상주시', '성하동'),
	(3519, '경북', '상주시', '성동동'),
	(3520, '경북', '상주시', '인봉동'),
	(3521, '경북', '상주시', '복룡동'),
	(3522, '경북', '상주시', '냉림동'),
	(3523, '경북', '상주시', '서성동'),
	(3524, '경북', '상주시', '남성동'),
	(3525, '경북', '상주시', '서문동'),
	(3526, '경북', '상주시', '무양동'),
	(3527, '경북', '상주시', '낙양동'),
	(3528, '경북', '상주시', '개운동'),
	(3529, '경북', '상주시', '신봉동'),
	(3530, '경북', '상주시', '가장동'),
	(3531, '경북', '상주시', '양촌동'),
	(3532, '경북', '상주시', '지천동'),
	(3533, '경북', '상주시', '오대동'),
	(3534, '경북', '상주시', '흥각동'),
	(3535, '경북', '상주시', '거동동'),
	(3536, '경북', '상주시', '인평동'),
	(3537, '경북', '상주시', '서곡동'),
	(3538, '경북', '상주시', '화개동'),
	(3539, '경북', '상주시', '외답동'),
	(3540, '경북', '상주시', '헌신동'),
	(3541, '경북', '상주시', '병성동'),
	(3542, '경북', '상주시', '도남동'),
	(3543, '경북', '상주시', '낙상동'),
	(3544, '경북', '상주시', '중덕동'),
	(3545, '경북', '상주시', '초산동'),
	(3546, '경북', '상주시', '화산동'),
	(3547, '경북', '상주시', '계산동'),
	(3548, '경북', '상주시', '부원동'),
	(3549, '경북', '상주시', '죽전동'),
	(3550, '경북', '상주시', '만산동'),
	(3551, '경북', '상주시', '연원동'),
	(3552, '경북', '상주시', '남장동'),
	(3553, '경북', '상주시', '남적동'),
	(3554, '경북', '상주시', '함창읍'),
	(3555, '경북', '상주시', '중동면'),
	(3556, '경북', '상주시', '사벌국면'),
	(3557, '경북', '상주시', '낙동면'),
	(3558, '경북', '상주시', '청리면'),
	(3559, '경북', '상주시', '공성면'),
	(3560, '경북', '상주시', '외남면'),
	(3561, '경북', '상주시', '내서면'),
	(3562, '경북', '상주시', '모동면'),
	(3563, '경북', '상주시', '모서면'),
	(3564, '경북', '상주시', '화동면'),
	(3565, '경북', '상주시', '화서면'),
	(3566, '경북', '상주시', '화북면'),
	(3567, '경북', '상주시', '외서면'),
	(3568, '경북', '상주시', '은척면'),
	(3569, '경북', '상주시', '공검면'),
	(3570, '경북', '상주시', '이안면'),
	(3571, '경북', '상주시', '화남면'),
	(3572, '경북', '문경시', '점촌동'),
	(3573, '경북', '문경시', '영신동'),
	(3574, '경북', '문경시', '흥덕동'),
	(3575, '경북', '문경시', '우지동'),
	(3576, '경북', '문경시', '창동'),
	(3577, '경북', '문경시', '신기동'),
	(3578, '경북', '문경시', '불정동'),
	(3579, '경북', '문경시', '유곡동'),
	(3580, '경북', '문경시', '공평동'),
	(3581, '경북', '문경시', '모전동'),
	(3582, '경북', '문경시', '윤직동'),
	(3583, '경북', '문경시', '문경읍'),
	(3584, '경북', '문경시', '가은읍'),
	(3585, '경북', '문경시', '영순면'),
	(3586, '경북', '문경시', '산양면'),
	(3587, '경북', '문경시', '호계면'),
	(3588, '경북', '문경시', '산북면'),
	(3589, '경북', '문경시', '동로면'),
	(3590, '경북', '문경시', '마성면'),
	(3591, '경북', '문경시', '농암면'),
	(3592, '경북', '경산시', '삼남동'),
	(3593, '경북', '경산시', '삼북동'),
	(3594, '경북', '경산시', '서상동'),
	(3595, '경북', '경산시', '신교동'),
	(3596, '경북', '경산시', '상방동'),
	(3597, '경북', '경산시', '백천동'),
	(3598, '경북', '경산시', '옥곡동'),
	(3599, '경북', '경산시', '사정동'),
	(3600, '경북', '경산시', '옥산동'),
	(3601, '경북', '경산시', '중산동'),
	(3602, '경북', '경산시', '정평동'),
	(3603, '경북', '경산시', '대평동'),
	(3604, '경북', '경산시', '대정동'),
	(3605, '경북', '경산시', '임당동'),
	(3606, '경북', '경산시', '대동'),
	(3607, '경북', '경산시', '계양동'),
	(3608, '경북', '경산시', '중방동'),
	(3609, '경북', '경산시', '조영동'),
	(3610, '경북', '경산시', '남방동'),
	(3611, '경북', '경산시', '내동'),
	(3612, '경북', '경산시', '여천동'),
	(3613, '경북', '경산시', '유곡동'),
	(3614, '경북', '경산시', '신천동'),
	(3615, '경북', '경산시', '점촌동'),
	(3616, '경북', '경산시', '평산동'),
	(3617, '경북', '경산시', '사동'),
	(3618, '경북', '경산시', '삼풍동'),
	(3619, '경북', '경산시', '갑제동'),
	(3620, '경북', '경산시', '하양읍'),
	(3621, '경북', '경산시', '진량읍'),
	(3622, '경북', '경산시', '압량읍'),
	(3623, '경북', '경산시', '와촌면'),
	(3624, '경북', '경산시', '자인면'),
	(3625, '경북', '경산시', '용성면'),
	(3626, '경북', '경산시', '남산면'),
	(3627, '경북', '경산시', '남천면'),
	(3628, '경북', '의성군', '의성읍'),
	(3629, '경북', '의성군', '단촌면'),
	(3630, '경북', '의성군', '점곡면'),
	(3631, '경북', '의성군', '옥산면'),
	(3632, '경북', '의성군', '사곡면'),
	(3633, '경북', '의성군', '춘산면'),
	(3634, '경북', '의성군', '가음면'),
	(3635, '경북', '의성군', '금성면'),
	(3636, '경북', '의성군', '봉양면'),
	(3637, '경북', '의성군', '비안면'),
	(3638, '경북', '의성군', '구천면'),
	(3639, '경북', '의성군', '단밀면'),
	(3640, '경북', '의성군', '단북면'),
	(3641, '경북', '의성군', '안계면'),
	(3642, '경북', '의성군', '다인면'),
	(3643, '경북', '의성군', '신평면'),
	(3644, '경북', '의성군', '안평면'),
	(3645, '경북', '의성군', '안사면'),
	(3646, '경북', '청송군', '청송읍'),
	(3647, '경북', '청송군', '주왕산면'),
	(3648, '경북', '청송군', '부남면'),
	(3649, '경북', '청송군', '현동면'),
	(3650, '경북', '청송군', '현서면'),
	(3651, '경북', '청송군', '안덕면'),
	(3652, '경북', '청송군', '파천면'),
	(3653, '경북', '청송군', '진보면'),
	(3654, '경북', '영양군', '영양읍'),
	(3655, '경북', '영양군', '입암면'),
	(3656, '경북', '영양군', '청기면'),
	(3657, '경북', '영양군', '일월면'),
	(3658, '경북', '영양군', '수비면'),
	(3659, '경북', '영양군', '석보면'),
	(3660, '경북', '영덕군', '영덕읍'),
	(3661, '경북', '영덕군', '강구면'),
	(3662, '경북', '영덕군', '남정면'),
	(3663, '경북', '영덕군', '달산면'),
	(3664, '경북', '영덕군', '지품면'),
	(3665, '경북', '영덕군', '축산면'),
	(3666, '경북', '영덕군', '영해면'),
	(3667, '경북', '영덕군', '병곡면'),
	(3668, '경북', '영덕군', '창수면'),
	(3669, '경북', '청도군', '화양읍'),
	(3670, '경북', '청도군', '청도읍'),
	(3671, '경북', '청도군', '각남면'),
	(3672, '경북', '청도군', '풍각면'),
	(3673, '경북', '청도군', '각북면'),
	(3674, '경북', '청도군', '이서면'),
	(3675, '경북', '청도군', '운문면'),
	(3676, '경북', '청도군', '금천면'),
	(3677, '경북', '청도군', '매전면'),
	(3678, '경북', '고령군', '대가야읍'),
	(3679, '경북', '고령군', '덕곡면'),
	(3680, '경북', '고령군', '운수면'),
	(3681, '경북', '고령군', '성산면'),
	(3682, '경북', '고령군', '다산면'),
	(3683, '경북', '고령군', '개진면'),
	(3684, '경북', '고령군', '우곡면'),
	(3685, '경북', '고령군', '쌍림면'),
	(3686, '경북', '성주군', '성주읍'),
	(3687, '경북', '성주군', '선남면'),
	(3688, '경북', '성주군', '용암면'),
	(3689, '경북', '성주군', '수륜면'),
	(3690, '경북', '성주군', '가천면'),
	(3691, '경북', '성주군', '금수면'),
	(3692, '경북', '성주군', '대가면'),
	(3693, '경북', '성주군', '벽진면'),
	(3694, '경북', '성주군', '초전면'),
	(3695, '경북', '성주군', '월항면'),
	(3696, '경북', '칠곡군', '왜관읍'),
	(3697, '경북', '칠곡군', '북삼읍'),
	(3698, '경북', '칠곡군', '석적읍'),
	(3699, '경북', '칠곡군', '지천면'),
	(3700, '경북', '칠곡군', '동명면'),
	(3701, '경북', '칠곡군', '가산면'),
	(3702, '경북', '칠곡군', '약목면'),
	(3703, '경북', '칠곡군', '기산면'),
	(3704, '경북', '예천군', '예천읍'),
	(3705, '경북', '예천군', '호명읍'),
	(3706, '경북', '예천군', '용문면'),
	(3707, '경북', '예천군', '감천면'),
	(3708, '경북', '예천군', '보문면'),
	(3709, '경북', '예천군', '유천면'),
	(3710, '경북', '예천군', '용궁면'),
	(3711, '경북', '예천군', '개포면'),
	(3712, '경북', '예천군', '지보면'),
	(3713, '경북', '예천군', '풍양면'),
	(3714, '경북', '예천군', '효자면'),
	(3715, '경북', '예천군', '은풍면'),
	(3716, '경북', '봉화군', '봉화읍'),
	(3717, '경북', '봉화군', '물야면'),
	(3718, '경북', '봉화군', '봉성면'),
	(3719, '경북', '봉화군', '법전면'),
	(3720, '경북', '봉화군', '춘양면'),
	(3721, '경북', '봉화군', '소천면'),
	(3722, '경북', '봉화군', '재산면'),
	(3723, '경북', '봉화군', '명호면'),
	(3724, '경북', '봉화군', '상운면'),
	(3725, '경북', '봉화군', '석포면'),
	(3726, '경북', '울진군', '울진읍'),
	(3727, '경북', '울진군', '평해읍'),
	(3728, '경북', '울진군', '북면'),
	(3729, '경북', '울진군', '근남면'),
	(3730, '경북', '울진군', '기성면'),
	(3731, '경북', '울진군', '온정면'),
	(3732, '경북', '울진군', '죽변면'),
	(3733, '경북', '울진군', '후포면'),
	(3734, '경북', '울진군', '금강송면'),
	(3735, '경북', '울진군', '매화면'),
	(3736, '경북', '울릉군', '울릉읍'),
	(3737, '경북', '울릉군', '서면'),
	(3738, '경북', '울릉군', '북면'),
	(3739, '경남', '창원시 의창구', '북동'),
	(3740, '경남', '창원시 의창구', '중동'),
	(3741, '경남', '창원시 의창구', '서상동'),
	(3742, '경남', '창원시 의창구', '소답동'),
	(3743, '경남', '창원시 의창구', '도계동'),
	(3744, '경남', '창원시 의창구', '동정동'),
	(3745, '경남', '창원시 의창구', '소계동'),
	(3746, '경남', '창원시 의창구', '용동'),
	(3747, '경남', '창원시 의창구', '덕정동'),
	(3748, '경남', '창원시 의창구', '지귀동'),
	(3749, '경남', '창원시 의창구', '서곡동'),
	(3750, '경남', '창원시 의창구', '봉림동'),
	(3751, '경남', '창원시 의창구', '퇴촌동'),
	(3752, '경남', '창원시 의창구', '명곡동'),
	(3753, '경남', '창원시 의창구', '반계동'),
	(3754, '경남', '창원시 의창구', '사화동'),
	(3755, '경남', '창원시 의창구', '차용동'),
	(3756, '경남', '창원시 의창구', '내리동'),
	(3757, '경남', '창원시 의창구', '명서동'),
	(3758, '경남', '창원시 의창구', '사림동'),
	(3759, '경남', '창원시 의창구', '봉곡동'),
	(3760, '경남', '창원시 의창구', '팔용동'),
	(3761, '경남', '창원시 의창구', '동읍'),
	(3762, '경남', '창원시 의창구', '북면'),
	(3763, '경남', '창원시 의창구', '대산면'),
	(3764, '경남', '창원시 성산구', '토월동'),
	(3765, '경남', '창원시 성산구', '사파정동'),
	(3766, '경남', '창원시 성산구', '가음정동'),
	(3767, '경남', '창원시 성산구', '외동'),
	(3768, '경남', '창원시 성산구', '대방동'),
	(3769, '경남', '창원시 성산구', '남산동'),
	(3770, '경남', '창원시 성산구', '삼정자동'),
	(3771, '경남', '창원시 성산구', '천선동'),
	(3772, '경남', '창원시 성산구', '불모산동'),
	(3773, '경남', '창원시 성산구', '안민동'),
	(3774, '경남', '창원시 성산구', '내동'),
	(3775, '경남', '창원시 성산구', '남지동'),
	(3776, '경남', '창원시 성산구', '상복동'),
	(3777, '경남', '창원시 성산구', '완암동'),
	(3778, '경남', '창원시 성산구', '창곡동'),
	(3779, '경남', '창원시 성산구', '월림동'),
	(3780, '경남', '창원시 성산구', '적현동'),
	(3781, '경남', '창원시 성산구', '양곡동'),
	(3782, '경남', '창원시 성산구', '반송동'),
	(3783, '경남', '창원시 성산구', '귀산동'),
	(3784, '경남', '창원시 성산구', '귀곡동'),
	(3785, '경남', '창원시 성산구', '귀현동'),
	(3786, '경남', '창원시 성산구', '신촌동'),
	(3787, '경남', '창원시 성산구', '반지동'),
	(3788, '경남', '창원시 성산구', '중앙동'),
	(3789, '경남', '창원시 성산구', '반림동'),
	(3790, '경남', '창원시 성산구', '상남동'),
	(3791, '경남', '창원시 성산구', '성주동'),
	(3792, '경남', '창원시 성산구', '웅남동'),
	(3793, '경남', '창원시 성산구', '사파동'),
	(3794, '경남', '창원시 성산구', '가음동'),
	(3795, '경남', '창원시 성산구', '성산동'),
	(3796, '경남', '창원시 성산구', '남양동'),
	(3797, '경남', '창원시 성산구', '용지동'),
	(3798, '경남', '창원시 성산구', '용호동'),
	(3799, '경남', '창원시 성산구', '신월동'),
	(3800, '경남', '창원시 성산구', '대원동'),
	(3801, '경남', '창원시 성산구', '두대동'),
	(3802, '경남', '창원시 성산구', '삼동동'),
	(3803, '경남', '창원시 성산구', '덕정동'),
	(3804, '경남', '창원시 성산구', '퇴촌동'),
	(3805, '경남', '창원시 마산합포구', '가포동'),
	(3806, '경남', '창원시 마산합포구', '교방동'),
	(3807, '경남', '창원시 마산합포구', '교원동'),
	(3808, '경남', '창원시 마산합포구', '남성동'),
	(3809, '경남', '창원시 마산합포구', '대내동'),
	(3810, '경남', '창원시 마산합포구', '대성동1가'),
	(3811, '경남', '창원시 마산합포구', '대성동2가'),
	(3812, '경남', '창원시 마산합포구', '대외동'),
	(3813, '경남', '창원시 마산합포구', '대창동'),
	(3814, '경남', '창원시 마산합포구', '덕동동'),
	(3815, '경남', '창원시 마산합포구', '동성동'),
	(3816, '경남', '창원시 마산합포구', '두월동1가'),
	(3817, '경남', '창원시 마산합포구', '두월동2가'),
	(3818, '경남', '창원시 마산합포구', '두월동3가'),
	(3819, '경남', '창원시 마산합포구', '문화동'),
	(3820, '경남', '창원시 마산합포구', '반월동'),
	(3821, '경남', '창원시 마산합포구', '부림동'),
	(3822, '경남', '창원시 마산합포구', '산호동'),
	(3823, '경남', '창원시 마산합포구', '상남동'),
	(3824, '경남', '창원시 마산합포구', '서성동'),
	(3825, '경남', '창원시 마산합포구', '성호동'),
	(3826, '경남', '창원시 마산합포구', '수성동'),
	(3827, '경남', '창원시 마산합포구', '신월동'),
	(3828, '경남', '창원시 마산합포구', '신창동'),
	(3829, '경남', '창원시 마산합포구', '신포동1가'),
	(3830, '경남', '창원시 마산합포구', '신포동2가'),
	(3831, '경남', '창원시 마산합포구', '신흥동'),
	(3832, '경남', '창원시 마산합포구', '완월동'),
	(3833, '경남', '창원시 마산합포구', '월남동1가'),
	(3834, '경남', '창원시 마산합포구', '월남동2가'),
	(3835, '경남', '창원시 마산합포구', '월남동3가'),
	(3836, '경남', '창원시 마산합포구', '월남동4가'),
	(3837, '경남', '창원시 마산합포구', '월남동5가'),
	(3838, '경남', '창원시 마산합포구', '월영동'),
	(3839, '경남', '창원시 마산합포구', '월포동'),
	(3840, '경남', '창원시 마산합포구', '예곡동'),
	(3841, '경남', '창원시 마산합포구', '오동동'),
	(3842, '경남', '창원시 마산합포구', '우산동'),
	(3843, '경남', '창원시 마산합포구', '유록동'),
	(3844, '경남', '창원시 마산합포구', '자산동'),
	(3845, '경남', '창원시 마산합포구', '장군동1가'),
	(3846, '경남', '창원시 마산합포구', '장군동2가'),
	(3847, '경남', '창원시 마산합포구', '장군동3가'),
	(3848, '경남', '창원시 마산합포구', '장군동4가'),
	(3849, '경남', '창원시 마산합포구', '장군동5가'),
	(3850, '경남', '창원시 마산합포구', '중성동'),
	(3851, '경남', '창원시 마산합포구', '중앙동1가'),
	(3852, '경남', '창원시 마산합포구', '중앙동2가'),
	(3853, '경남', '창원시 마산합포구', '중앙동3가'),
	(3854, '경남', '창원시 마산합포구', '창동'),
	(3855, '경남', '창원시 마산합포구', '창포동1가'),
	(3856, '경남', '창원시 마산합포구', '창포동2가'),
	(3857, '경남', '창원시 마산합포구', '창포동3가'),
	(3858, '경남', '창원시 마산합포구', '청계동'),
	(3859, '경남', '창원시 마산합포구', '추산동'),
	(3860, '경남', '창원시 마산합포구', '평화동'),
	(3861, '경남', '창원시 마산합포구', '화영동'),
	(3862, '경남', '창원시 마산합포구', '해운동'),
	(3863, '경남', '창원시 마산합포구', '현동'),
	(3864, '경남', '창원시 마산합포구', '홍문동'),
	(3865, '경남', '창원시 마산합포구', '구산면'),
	(3866, '경남', '창원시 마산합포구', '진동면'),
	(3867, '경남', '창원시 마산합포구', '진북면'),
	(3868, '경남', '창원시 마산합포구', '진전면'),
	(3869, '경남', '창원시 마산회원구', '구암동'),
	(3870, '경남', '창원시 마산회원구', '두척동'),
	(3871, '경남', '창원시 마산회원구', '봉암동'),
	(3872, '경남', '창원시 마산회원구', '석전동'),
	(3873, '경남', '창원시 마산회원구', '양덕동'),
	(3874, '경남', '창원시 마산회원구', '합성동'),
	(3875, '경남', '창원시 마산회원구', '회성동'),
	(3876, '경남', '창원시 마산회원구', '회원동'),
	(3877, '경남', '창원시 마산회원구', '내서읍'),
	(3878, '경남', '창원시 진해구', '동상동'),
	(3879, '경남', '창원시 진해구', '도천동'),
	(3880, '경남', '창원시 진해구', '도만동'),
	(3881, '경남', '창원시 진해구', '신흥동'),
	(3882, '경남', '창원시 진해구', '현동'),
	(3883, '경남', '창원시 진해구', '비봉동'),
	(3884, '경남', '창원시 진해구', '태평동'),
	(3885, '경남', '창원시 진해구', '충의동'),
	(3886, '경남', '창원시 진해구', '무송동'),
	(3887, '경남', '창원시 진해구', '인의동'),
	(3888, '경남', '창원시 진해구', '숭인동'),
	(3889, '경남', '창원시 진해구', '대영동'),
	(3890, '경남', '창원시 진해구', '남빈동'),
	(3891, '경남', '창원시 진해구', '앵곡동'),
	(3892, '경남', '창원시 진해구', '제황산동'),
	(3893, '경남', '창원시 진해구', '속천동'),
	(3894, '경남', '창원시 진해구', '대죽동'),
	(3895, '경남', '창원시 진해구', '안곡동'),
	(3896, '경남', '창원시 진해구', '수송동'),
	(3897, '경남', '창원시 진해구', '회현동'),
	(3898, '경남', '창원시 진해구', '익선동'),
	(3899, '경남', '창원시 진해구', '창선동'),
	(3900, '경남', '창원시 진해구', '대천동'),
	(3901, '경남', '창원시 진해구', '광화동'),
	(3902, '경남', '창원시 진해구', '통신동'),
	(3903, '경남', '창원시 진해구', '중앙동'),
	(3904, '경남', '창원시 진해구', '부흥동'),
	(3905, '경남', '창원시 진해구', '중평동'),
	(3906, '경남', '창원시 진해구', '근화동'),
	(3907, '경남', '창원시 진해구', '송죽동'),
	(3908, '경남', '창원시 진해구', '화천동'),
	(3909, '경남', '창원시 진해구', '송학동'),
	(3910, '경남', '창원시 진해구', '대흥동'),
	(3911, '경남', '창원시 진해구', '평안동'),
	(3912, '경남', '창원시 진해구', '충무동'),
	(3913, '경남', '창원시 진해구', '인사동'),
	(3914, '경남', '창원시 진해구', '여좌동'),
	(3915, '경남', '창원시 진해구', '태백동'),
	(3916, '경남', '창원시 진해구', '경화동'),
	(3917, '경남', '창원시 진해구', '석동'),
	(3918, '경남', '창원시 진해구', '이동'),
	(3919, '경남', '창원시 진해구', '자은동'),
	(3920, '경남', '창원시 진해구', '덕산동'),
	(3921, '경남', '창원시 진해구', '풍호동'),
	(3922, '경남', '창원시 진해구', '장천동'),
	(3923, '경남', '창원시 진해구', '행암동'),
	(3924, '경남', '창원시 진해구', '북부동'),
	(3925, '경남', '창원시 진해구', '성내동'),
	(3926, '경남', '창원시 진해구', '서중동'),
	(3927, '경남', '창원시 진해구', '남문동'),
	(3928, '경남', '창원시 진해구', '제덕동'),
	(3929, '경남', '창원시 진해구', '수도동'),
	(3930, '경남', '창원시 진해구', '연도동'),
	(3931, '경남', '창원시 진해구', '명동'),
	(3932, '경남', '창원시 진해구', '죽곡동'),
	(3933, '경남', '창원시 진해구', '원포동'),
	(3934, '경남', '창원시 진해구', '남양동'),
	(3935, '경남', '창원시 진해구', '마천동'),
	(3936, '경남', '창원시 진해구', '소사동'),
	(3937, '경남', '창원시 진해구', '대장동'),
	(3938, '경남', '창원시 진해구', '두동'),
	(3939, '경남', '창원시 진해구', '청안동'),
	(3940, '경남', '창원시 진해구', '안골동'),
	(3941, '경남', '창원시 진해구', '용원동'),
	(3942, '경남', '창원시 진해구', '가주동'),
	(3943, '경남', '진주시', '망경동'),
	(3944, '경남', '진주시', '주약동'),
	(3945, '경남', '진주시', '강남동'),
	(3946, '경남', '진주시', '칠암동'),
	(3947, '경남', '진주시', '본성동'),
	(3948, '경남', '진주시', '동성동'),
	(3949, '경남', '진주시', '남성동'),
	(3950, '경남', '진주시', '인사동'),
	(3951, '경남', '진주시', '대안동'),
	(3952, '경남', '진주시', '평안동'),
	(3953, '경남', '진주시', '중안동'),
	(3954, '경남', '진주시', '계동'),
	(3955, '경남', '진주시', '봉곡동'),
	(3956, '경남', '진주시', '상봉동'),
	(3957, '경남', '진주시', '봉래동'),
	(3958, '경남', '진주시', '수정동'),
	(3959, '경남', '진주시', '장대동'),
	(3960, '경남', '진주시', '옥봉동'),
	(3961, '경남', '진주시', '상대동'),
	(3962, '경남', '진주시', '하대동'),
	(3963, '경남', '진주시', '상평동'),
	(3964, '경남', '진주시', '초전동'),
	(3965, '경남', '진주시', '장재동'),
	(3966, '경남', '진주시', '하촌동'),
	(3967, '경남', '진주시', '신안동'),
	(3968, '경남', '진주시', '평거동'),
	(3969, '경남', '진주시', '이현동'),
	(3970, '경남', '진주시', '유곡동'),
	(3971, '경남', '진주시', '판문동'),
	(3972, '경남', '진주시', '귀곡동'),
	(3973, '경남', '진주시', '가좌동'),
	(3974, '경남', '진주시', '호탄동'),
	(3975, '경남', '진주시', '충무공동'),
	(3976, '경남', '진주시', '문산읍'),
	(3977, '경남', '진주시', '내동면'),
	(3978, '경남', '진주시', '정촌면'),
	(3979, '경남', '진주시', '금곡면'),
	(3980, '경남', '진주시', '진성면'),
	(3981, '경남', '진주시', '일반성면'),
	(3982, '경남', '진주시', '이반성면'),
	(3983, '경남', '진주시', '사봉면'),
	(3984, '경남', '진주시', '지수면'),
	(3985, '경남', '진주시', '대곡면'),
	(3986, '경남', '진주시', '금산면'),
	(3987, '경남', '진주시', '집현면'),
	(3988, '경남', '진주시', '미천면'),
	(3989, '경남', '진주시', '명석면'),
	(3990, '경남', '진주시', '대평면'),
	(3991, '경남', '진주시', '수곡면'),
	(3992, '경남', '통영시', '도천동'),
	(3993, '경남', '통영시', '서호동'),
	(3994, '경남', '통영시', '명정동'),
	(3995, '경남', '통영시', '항남동'),
	(3996, '경남', '통영시', '중앙동'),
	(3997, '경남', '통영시', '문화동'),
	(3998, '경남', '통영시', '태평동'),
	(3999, '경남', '통영시', '동호동'),
	(4000, '경남', '통영시', '정량동'),
	(4001, '경남', '통영시', '북신동'),
	(4002, '경남', '통영시', '무전동'),
	(4003, '경남', '통영시', '평림동'),
	(4004, '경남', '통영시', '인평동'),
	(4005, '경남', '통영시', '당동'),
	(4006, '경남', '통영시', '미수동'),
	(4007, '경남', '통영시', '봉평동'),
	(4008, '경남', '통영시', '도남동'),
	(4009, '경남', '통영시', '산양읍'),
	(4010, '경남', '통영시', '용남면'),
	(4011, '경남', '통영시', '도산면'),
	(4012, '경남', '통영시', '광도면'),
	(4013, '경남', '통영시', '욕지면'),
	(4014, '경남', '통영시', '한산면'),
	(4015, '경남', '통영시', '사량면'),
	(4016, '경남', '사천시', '동동'),
	(4017, '경남', '사천시', '서동'),
	(4018, '경남', '사천시', '선구동'),
	(4019, '경남', '사천시', '동금동'),
	(4020, '경남', '사천시', '서금동'),
	(4021, '경남', '사천시', '동림동'),
	(4022, '경남', '사천시', '좌룡동'),
	(4023, '경남', '사천시', '벌리동'),
	(4024, '경남', '사천시', '용강동'),
	(4025, '경남', '사천시', '와룡동'),
	(4026, '경남', '사천시', '봉남동'),
	(4027, '경남', '사천시', '이금동'),
	(4028, '경남', '사천시', '이홀동'),
	(4029, '경남', '사천시', '궁지동'),
	(4030, '경남', '사천시', '사등동'),
	(4031, '경남', '사천시', '향촌동'),
	(4032, '경남', '사천시', '대방동'),
	(4033, '경남', '사천시', '실안동'),
	(4034, '경남', '사천시', '마도동'),
	(4035, '경남', '사천시', '늑도동'),
	(4036, '경남', '사천시', '신수동'),
	(4037, '경남', '사천시', '백천동'),
	(4038, '경남', '사천시', '신벽동'),
	(4039, '경남', '사천시', '노룡동'),
	(4040, '경남', '사천시', '대포동'),
	(4041, '경남', '사천시', '송포동'),
	(4042, '경남', '사천시', '죽림동'),
	(4043, '경남', '사천시', '사천읍'),
	(4044, '경남', '사천시', '정동면'),
	(4045, '경남', '사천시', '사남면'),
	(4046, '경남', '사천시', '용현면'),
	(4047, '경남', '사천시', '축동면'),
	(4048, '경남', '사천시', '곤양면'),
	(4049, '경남', '사천시', '곤명면'),
	(4050, '경남', '사천시', '서포면'),
	(4051, '경남', '김해시', '동상동'),
	(4052, '경남', '김해시', '서상동'),
	(4053, '경남', '김해시', '부원동'),
	(4054, '경남', '김해시', '봉황동'),
	(4055, '경남', '김해시', '대성동'),
	(4056, '경남', '김해시', '구산동'),
	(4057, '경남', '김해시', '삼계동'),
	(4058, '경남', '김해시', '내동'),
	(4059, '경남', '김해시', '외동'),
	(4060, '경남', '김해시', '흥동'),
	(4061, '경남', '김해시', '풍유동'),
	(4062, '경남', '김해시', '명법동'),
	(4063, '경남', '김해시', '이동'),
	(4064, '경남', '김해시', '화목동'),
	(4065, '경남', '김해시', '전하동'),
	(4066, '경남', '김해시', '강동'),
	(4067, '경남', '김해시', '삼정동'),
	(4068, '경남', '김해시', '어방동'),
	(4069, '경남', '김해시', '삼방동'),
	(4070, '경남', '김해시', '안동'),
	(4071, '경남', '김해시', '지내동'),
	(4072, '경남', '김해시', '불암동'),
	(4073, '경남', '김해시', '유하동'),
	(4074, '경남', '김해시', '내덕동'),
	(4075, '경남', '김해시', '부곡동'),
	(4076, '경남', '김해시', '무계동'),
	(4077, '경남', '김해시', '신문동'),
	(4078, '경남', '김해시', '삼문동'),
	(4079, '경남', '김해시', '대청동'),
	(4080, '경남', '김해시', '관동동'),
	(4081, '경남', '김해시', '율하동'),
	(4082, '경남', '김해시', '장유동'),
	(4083, '경남', '김해시', '응달동'),
	(4084, '경남', '김해시', '수가동'),
	(4085, '경남', '김해시', '진영읍'),
	(4086, '경남', '김해시', '주촌면'),
	(4087, '경남', '김해시', '진례면'),
	(4088, '경남', '김해시', '한림면'),
	(4089, '경남', '김해시', '생림면'),
	(4090, '경남', '김해시', '상동면'),
	(4091, '경남', '김해시', '대동면'),
	(4092, '경남', '밀양시', '내일동'),
	(4093, '경남', '밀양시', '내이동'),
	(4094, '경남', '밀양시', '교동'),
	(4095, '경남', '밀양시', '삼문동'),
	(4096, '경남', '밀양시', '남포동'),
	(4097, '경남', '밀양시', '용평동'),
	(4098, '경남', '밀양시', '활성동'),
	(4099, '경남', '밀양시', '가곡동'),
	(4100, '경남', '밀양시', '삼랑진읍'),
	(4101, '경남', '밀양시', '하남읍'),
	(4102, '경남', '밀양시', '부북면'),
	(4103, '경남', '밀양시', '상동면'),
	(4104, '경남', '밀양시', '산외면'),
	(4105, '경남', '밀양시', '산내면'),
	(4106, '경남', '밀양시', '단장면'),
	(4107, '경남', '밀양시', '상남면'),
	(4108, '경남', '밀양시', '초동면'),
	(4109, '경남', '밀양시', '무안면'),
	(4110, '경남', '밀양시', '청도면'),
	(4111, '경남', '거제시', '능포동'),
	(4112, '경남', '거제시', '장승포동'),
	(4113, '경남', '거제시', '두모동'),
	(4114, '경남', '거제시', '아양동'),
	(4115, '경남', '거제시', '아주동'),
	(4116, '경남', '거제시', '옥포동'),
	(4117, '경남', '거제시', '덕포동'),
	(4118, '경남', '거제시', '장평동'),
	(4119, '경남', '거제시', '고현동'),
	(4120, '경남', '거제시', '상동동'),
	(4121, '경남', '거제시', '문동동'),
	(4122, '경남', '거제시', '삼거동'),
	(4123, '경남', '거제시', '양정동'),
	(4124, '경남', '거제시', '수월동'),
	(4125, '경남', '거제시', '일운면'),
	(4126, '경남', '거제시', '동부면'),
	(4127, '경남', '거제시', '남부면'),
	(4128, '경남', '거제시', '거제면'),
	(4129, '경남', '거제시', '둔덕면'),
	(4130, '경남', '거제시', '사등면'),
	(4131, '경남', '거제시', '연초면'),
	(4132, '경남', '거제시', '하청면'),
	(4133, '경남', '거제시', '장목면'),
	(4134, '경남', '양산시', '다방동'),
	(4135, '경남', '양산시', '남부동'),
	(4136, '경남', '양산시', '중부동'),
	(4137, '경남', '양산시', '북부동'),
	(4138, '경남', '양산시', '명곡동'),
	(4139, '경남', '양산시', '신기동'),
	(4140, '경남', '양산시', '북정동'),
	(4141, '경남', '양산시', '산막동'),
	(4142, '경남', '양산시', '호계동'),
	(4143, '경남', '양산시', '교동'),
	(4144, '경남', '양산시', '유산동'),
	(4145, '경남', '양산시', '어곡동'),
	(4146, '경남', '양산시', '용당동'),
	(4147, '경남', '양산시', '삼호동'),
	(4148, '경남', '양산시', '명동'),
	(4149, '경남', '양산시', '주남동'),
	(4150, '경남', '양산시', '소주동'),
	(4151, '경남', '양산시', '주진동'),
	(4152, '경남', '양산시', '평산동'),
	(4153, '경남', '양산시', '덕계동'),
	(4154, '경남', '양산시', '매곡동'),
	(4155, '경남', '양산시', '물금읍'),
	(4156, '경남', '양산시', '동면'),
	(4157, '경남', '양산시', '원동면'),
	(4158, '경남', '양산시', '상북면'),
	(4159, '경남', '양산시', '하북면'),
	(4160, '경남', '의령군', '의령읍'),
	(4161, '경남', '의령군', '가례면'),
	(4162, '경남', '의령군', '칠곡면'),
	(4163, '경남', '의령군', '대의면'),
	(4164, '경남', '의령군', '화정면'),
	(4165, '경남', '의령군', '용덕면'),
	(4166, '경남', '의령군', '정곡면'),
	(4167, '경남', '의령군', '지정면'),
	(4168, '경남', '의령군', '낙서면'),
	(4169, '경남', '의령군', '부림면'),
	(4170, '경남', '의령군', '봉수면'),
	(4171, '경남', '의령군', '궁류면'),
	(4172, '경남', '의령군', '유곡면'),
	(4173, '경남', '함안군', '가야읍'),
	(4174, '경남', '함안군', '칠원읍'),
	(4175, '경남', '함안군', '함안면'),
	(4176, '경남', '함안군', '군북면'),
	(4177, '경남', '함안군', '법수면'),
	(4178, '경남', '함안군', '대산면'),
	(4179, '경남', '함안군', '칠서면'),
	(4180, '경남', '함안군', '칠북면'),
	(4181, '경남', '함안군', '산인면'),
	(4182, '경남', '함안군', '여항면'),
	(4183, '경남', '창녕군', '창녕읍'),
	(4184, '경남', '창녕군', '남지읍'),
	(4185, '경남', '창녕군', '고암면'),
	(4186, '경남', '창녕군', '성산면'),
	(4187, '경남', '창녕군', '대합면'),
	(4188, '경남', '창녕군', '이방면'),
	(4189, '경남', '창녕군', '유어면'),
	(4190, '경남', '창녕군', '대지면'),
	(4191, '경남', '창녕군', '계성면'),
	(4192, '경남', '창녕군', '영산면'),
	(4193, '경남', '창녕군', '장마면'),
	(4194, '경남', '창녕군', '도천면'),
	(4195, '경남', '창녕군', '길곡면'),
	(4196, '경남', '창녕군', '부곡면'),
	(4197, '경남', '고성군', '고성읍'),
	(4198, '경남', '고성군', '삼산면'),
	(4199, '경남', '고성군', '하일면'),
	(4200, '경남', '고성군', '하이면'),
	(4201, '경남', '고성군', '상리면'),
	(4202, '경남', '고성군', '대가면'),
	(4203, '경남', '고성군', '영현면'),
	(4204, '경남', '고성군', '영오면'),
	(4205, '경남', '고성군', '개천면'),
	(4206, '경남', '고성군', '구만면'),
	(4207, '경남', '고성군', '회화면'),
	(4208, '경남', '고성군', '마암면'),
	(4209, '경남', '고성군', '동해면'),
	(4210, '경남', '고성군', '거류면'),
	(4211, '경남', '남해군', '남해읍'),
	(4212, '경남', '남해군', '이동면'),
	(4213, '경남', '남해군', '상주면'),
	(4214, '경남', '남해군', '삼동면'),
	(4215, '경남', '남해군', '미조면'),
	(4216, '경남', '남해군', '남면'),
	(4217, '경남', '남해군', '서면'),
	(4218, '경남', '남해군', '고현면'),
	(4219, '경남', '남해군', '설천면'),
	(4220, '경남', '남해군', '창선면'),
	(4221, '경남', '하동군', '하동읍'),
	(4222, '경남', '하동군', '화개면'),
	(4223, '경남', '하동군', '악양면'),
	(4224, '경남', '하동군', '적량면'),
	(4225, '경남', '하동군', '횡천면'),
	(4226, '경남', '하동군', '고전면'),
	(4227, '경남', '하동군', '금남면'),
	(4228, '경남', '하동군', '진교면'),
	(4229, '경남', '하동군', '양보면'),
	(4230, '경남', '하동군', '북천면'),
	(4231, '경남', '하동군', '청암면'),
	(4232, '경남', '하동군', '옥종면'),
	(4233, '경남', '하동군', '금성면'),
	(4234, '경남', '산청군', '산청읍'),
	(4235, '경남', '산청군', '차황면'),
	(4236, '경남', '산청군', '오부면'),
	(4237, '경남', '산청군', '생초면'),
	(4238, '경남', '산청군', '금서면'),
	(4239, '경남', '산청군', '삼장면'),
	(4240, '경남', '산청군', '시천면'),
	(4241, '경남', '산청군', '단성면'),
	(4242, '경남', '산청군', '신안면'),
	(4243, '경남', '산청군', '생비량면'),
	(4244, '경남', '산청군', '신등면'),
	(4245, '경남', '함양군', '함양읍'),
	(4246, '경남', '함양군', '마천면'),
	(4247, '경남', '함양군', '휴천면'),
	(4248, '경남', '함양군', '유림면'),
	(4249, '경남', '함양군', '수동면'),
	(4250, '경남', '함양군', '지곡면'),
	(4251, '경남', '함양군', '안의면'),
	(4252, '경남', '함양군', '서하면'),
	(4253, '경남', '함양군', '서상면'),
	(4254, '경남', '함양군', '백전면'),
	(4255, '경남', '함양군', '병곡면'),
	(4256, '경남', '거창군', '거창읍'),
	(4257, '경남', '거창군', '주상면'),
	(4258, '경남', '거창군', '웅양면'),
	(4259, '경남', '거창군', '고제면'),
	(4260, '경남', '거창군', '북상면'),
	(4261, '경남', '거창군', '위천면'),
	(4262, '경남', '거창군', '마리면'),
	(4263, '경남', '거창군', '남상면'),
	(4264, '경남', '거창군', '남하면'),
	(4265, '경남', '거창군', '신원면'),
	(4266, '경남', '거창군', '가조면'),
	(4267, '경남', '거창군', '가북면'),
	(4268, '경남', '합천군', '합천읍'),
	(4269, '경남', '합천군', '봉산면'),
	(4270, '경남', '합천군', '묘산면'),
	(4271, '경남', '합천군', '가야면'),
	(4272, '경남', '합천군', '야로면'),
	(4273, '경남', '합천군', '율곡면'),
	(4274, '경남', '합천군', '초계면'),
	(4275, '경남', '합천군', '쌍책면'),
	(4276, '경남', '합천군', '덕곡면'),
	(4277, '경남', '합천군', '청덕면'),
	(4278, '경남', '합천군', '적중면'),
	(4279, '경남', '합천군', '대양면'),
	(4280, '경남', '합천군', '쌍백면'),
	(4281, '경남', '합천군', '삼가면'),
	(4282, '경남', '합천군', '가회면'),
	(4283, '경남', '합천군', '대병면'),
	(4284, '경남', '합천군', '용주면'),
	(4285, '제주', '제주시', '일도일동'),
	(4286, '제주', '제주시', '일도이동'),
	(4287, '제주', '제주시', '이도일동'),
	(4288, '제주', '제주시', '이도이동'),
	(4289, '제주', '제주시', '삼도일동'),
	(4290, '제주', '제주시', '삼도이동'),
	(4291, '제주', '제주시', '건입동'),
	(4292, '제주', '제주시', '용담일동'),
	(4293, '제주', '제주시', '용담이동'),
	(4294, '제주', '제주시', '용담삼동'),
	(4295, '제주', '제주시', '화북일동'),
	(4296, '제주', '제주시', '화북이동'),
	(4297, '제주', '제주시', '삼양일동'),
	(4298, '제주', '제주시', '삼양이동'),
	(4299, '제주', '제주시', '삼양삼동'),
	(4300, '제주', '제주시', '봉개동'),
	(4301, '제주', '제주시', '아라일동'),
	(4302, '제주', '제주시', '아라이동'),
	(4303, '제주', '제주시', '오라일동'),
	(4304, '제주', '제주시', '오라이동'),
	(4305, '제주', '제주시', '오라삼동'),
	(4306, '제주', '제주시', '노형동'),
	(4307, '제주', '제주시', '외도일동'),
	(4308, '제주', '제주시', '외도이동'),
	(4309, '제주', '제주시', '이호일동'),
	(4310, '제주', '제주시', '이호이동'),
	(4311, '제주', '제주시', '도두일동'),
	(4312, '제주', '제주시', '도두이동'),
	(4313, '제주', '제주시', '도남동'),
	(4314, '제주', '제주시', '도련일동'),
	(4315, '제주', '제주시', '도련이동'),
	(4316, '제주', '제주시', '용강동'),
	(4317, '제주', '제주시', '회천동'),
	(4318, '제주', '제주시', '오등동'),
	(4319, '제주', '제주시', '월평동'),
	(4320, '제주', '제주시', '영평동'),
	(4321, '제주', '제주시', '연동'),
	(4322, '제주', '제주시', '도평동'),
	(4323, '제주', '제주시', '해안동'),
	(4324, '제주', '제주시', '내도동'),
	(4325, '제주', '제주시', '한림읍'),
	(4326, '제주', '제주시', '애월읍'),
	(4327, '제주', '제주시', '구좌읍'),
	(4328, '제주', '제주시', '조천읍'),
	(4329, '제주', '제주시', '한경면'),
	(4330, '제주', '제주시', '추자면'),
	(4331, '제주', '제주시', '우도면'),
	(4332, '제주', '서귀포시', '서귀동'),
	(4333, '제주', '서귀포시', '법환동'),
	(4334, '제주', '서귀포시', '서호동'),
	(4335, '제주', '서귀포시', '호근동'),
	(4336, '제주', '서귀포시', '동홍동'),
	(4337, '제주', '서귀포시', '서홍동'),
	(4338, '제주', '서귀포시', '상효동'),
	(4339, '제주', '서귀포시', '하효동'),
	(4340, '제주', '서귀포시', '신효동'),
	(4341, '제주', '서귀포시', '보목동'),
	(4342, '제주', '서귀포시', '토평동'),
	(4343, '제주', '서귀포시', '중문동'),
	(4344, '제주', '서귀포시', '회수동'),
	(4345, '제주', '서귀포시', '대포동'),
	(4346, '제주', '서귀포시', '월평동'),
	(4347, '제주', '서귀포시', '강정동'),
	(4348, '제주', '서귀포시', '도순동'),
	(4349, '제주', '서귀포시', '하원동'),
	(4350, '제주', '서귀포시', '색달동'),
	(4351, '제주', '서귀포시', '상예동'),
	(4352, '제주', '서귀포시', '하예동'),
	(4353, '제주', '서귀포시', '영남동'),
	(4354, '제주', '서귀포시', '대정읍'),
	(4355, '제주', '서귀포시', '남원읍'),
	(4356, '제주', '서귀포시', '성산읍'),
	(4357, '제주', '서귀포시', '안덕면'),
	(4358, '제주', '서귀포시', '표선면'),
	(4359, '강원', '춘천시', '봉의동'),
	(4360, '강원', '춘천시', '요선동'),
	(4361, '강원', '춘천시', '낙원동'),
	(4362, '강원', '춘천시', '중앙로1가'),
	(4363, '강원', '춘천시', '중앙로2가'),
	(4364, '강원', '춘천시', '중앙로3가'),
	(4365, '강원', '춘천시', '옥천동'),
	(4366, '강원', '춘천시', '조양동'),
	(4367, '강원', '춘천시', '죽림동'),
	(4368, '강원', '춘천시', '운교동'),
	(4369, '강원', '춘천시', '약사동'),
	(4370, '강원', '춘천시', '효자동'),
	(4371, '강원', '춘천시', '소양로1가'),
	(4372, '강원', '춘천시', '소양로2가'),
	(4373, '강원', '춘천시', '소양로3가'),
	(4374, '강원', '춘천시', '소양로4가'),
	(4375, '강원', '춘천시', '근화동'),
	(4376, '강원', '춘천시', '우두동'),
	(4377, '강원', '춘천시', '사농동'),
	(4378, '강원', '춘천시', '후평동'),
	(4379, '강원', '춘천시', '온의동'),
	(4380, '강원', '춘천시', '교동'),
	(4381, '강원', '춘천시', '퇴계동'),
	(4382, '강원', '춘천시', '석사동'),
	(4383, '강원', '춘천시', '삼천동'),
	(4384, '강원', '춘천시', '칠전동'),
	(4385, '강원', '춘천시', '송암동'),
	(4386, '강원', '춘천시', '신동'),
	(4387, '강원', '춘천시', '중도동'),
	(4388, '강원', '춘천시', '신북읍'),
	(4389, '강원', '춘천시', '동면'),
	(4390, '강원', '춘천시', '동산면'),
	(4391, '강원', '춘천시', '신동면'),
	(4392, '강원', '춘천시', '남면'),
	(4393, '강원', '춘천시', '서면'),
	(4394, '강원', '춘천시', '사북면'),
	(4395, '강원', '춘천시', '북산면'),
	(4396, '강원', '춘천시', '동내면'),
	(4397, '강원', '춘천시', '남산면'),
	(4398, '강원', '원주시', '중앙동'),
	(4399, '강원', '원주시', '평원동'),
	(4400, '강원', '원주시', '원동'),
	(4401, '강원', '원주시', '인동'),
	(4402, '강원', '원주시', '개운동'),
	(4403, '강원', '원주시', '명륜동'),
	(4404, '강원', '원주시', '단구동'),
	(4405, '강원', '원주시', '일산동'),
	(4406, '강원', '원주시', '학성동'),
	(4407, '강원', '원주시', '단계동'),
	(4408, '강원', '원주시', '우산동'),
	(4409, '강원', '원주시', '태장동'),
	(4410, '강원', '원주시', '봉산동'),
	(4411, '강원', '원주시', '행구동'),
	(4412, '강원', '원주시', '무실동'),
	(4413, '강원', '원주시', '관설동'),
	(4414, '강원', '원주시', '반곡동'),
	(4415, '강원', '원주시', '가현동'),
	(4416, '강원', '원주시', '문막읍'),
	(4417, '강원', '원주시', '소초면'),
	(4418, '강원', '원주시', '호저면'),
	(4419, '강원', '원주시', '지정면'),
	(4420, '강원', '원주시', '부론면'),
	(4421, '강원', '원주시', '귀래면'),
	(4422, '강원', '원주시', '흥업면'),
	(4423, '강원', '원주시', '판부면'),
	(4424, '강원', '원주시', '신림면'),
	(4425, '강원', '강릉시', '홍제동'),
	(4426, '강원', '강릉시', '남문동'),
	(4427, '강원', '강릉시', '명주동'),
	(4428, '강원', '강릉시', '성내동'),
	(4429, '강원', '강릉시', '임당동'),
	(4430, '강원', '강릉시', '금학동'),
	(4431, '강원', '강릉시', '용강동'),
	(4432, '강원', '강릉시', '성남동'),
	(4433, '강원', '강릉시', '옥천동'),
	(4434, '강원', '강릉시', '교동'),
	(4435, '강원', '강릉시', '포남동'),
	(4436, '강원', '강릉시', '초당동'),
	(4437, '강원', '강릉시', '강문동'),
	(4438, '강원', '강릉시', '송정동'),
	(4439, '강원', '강릉시', '견소동'),
	(4440, '강원', '강릉시', '내곡동'),
	(4441, '강원', '강릉시', '회산동'),
	(4442, '강원', '강릉시', '장현동'),
	(4443, '강원', '강릉시', '박월동'),
	(4444, '강원', '강릉시', '담산동'),
	(4445, '강원', '강릉시', '노암동'),
	(4446, '강원', '강릉시', '유산동'),
	(4447, '강원', '강릉시', '월호평동'),
	(4448, '강원', '강릉시', '신석동'),
	(4449, '강원', '강릉시', '입암동'),
	(4450, '강원', '강릉시', '청량동'),
	(4451, '강원', '강릉시', '두산동'),
	(4452, '강원', '강릉시', '학동'),
	(4453, '강원', '강릉시', '병산동'),
	(4454, '강원', '강릉시', '남항진동'),
	(4455, '강원', '강릉시', '유천동'),
	(4456, '강원', '강릉시', '지변동'),
	(4457, '강원', '강릉시', '죽헌동'),
	(4458, '강원', '강릉시', '대전동'),
	(4459, '강원', '강릉시', '운정동'),
	(4460, '강원', '강릉시', '난곡동'),
	(4461, '강원', '강릉시', '저동'),
	(4462, '강원', '강릉시', '안현동'),
	(4463, '강원', '강릉시', '운산동'),
	(4464, '강원', '강릉시', '주문진읍'),
	(4465, '강원', '강릉시', '성산면'),
	(4466, '강원', '강릉시', '왕산면'),
	(4467, '강원', '강릉시', '구정면'),
	(4468, '강원', '강릉시', '강동면'),
	(4469, '강원', '강릉시', '옥계면'),
	(4470, '강원', '강릉시', '사천면'),
	(4471, '강원', '강릉시', '연곡면'),
	(4472, '강원', '동해시', '천곡동'),
	(4473, '강원', '동해시', '평릉동'),
	(4474, '강원', '동해시', '송정동'),
	(4475, '강원', '동해시', '용정동'),
	(4476, '강원', '동해시', '지흥동'),
	(4477, '강원', '동해시', '효가동'),
	(4478, '강원', '동해시', '동회동'),
	(4479, '강원', '동해시', '나안동'),
	(4480, '강원', '동해시', '쇄운동'),
	(4481, '강원', '동해시', '부곡동'),
	(4482, '강원', '동해시', '발한동'),
	(4483, '강원', '동해시', '북평동'),
	(4484, '강원', '동해시', '구미동'),
	(4485, '강원', '동해시', '추암동'),
	(4486, '강원', '동해시', '구호동'),
	(4487, '강원', '동해시', '단봉동'),
	(4488, '강원', '동해시', '지가동'),
	(4489, '강원', '동해시', '이도동'),
	(4490, '강원', '동해시', '귀운동'),
	(4491, '강원', '동해시', '대구동'),
	(4492, '강원', '동해시', '호현동'),
	(4493, '강원', '동해시', '내동'),
	(4494, '강원', '동해시', '묵호진동'),
	(4495, '강원', '동해시', '삼화동'),
	(4496, '강원', '동해시', '이기동'),
	(4497, '강원', '동해시', '이로동'),
	(4498, '강원', '동해시', '어달동'),
	(4499, '강원', '동해시', '대진동'),
	(4500, '강원', '동해시', '망상동'),
	(4501, '강원', '동해시', '심곡동'),
	(4502, '강원', '동해시', '초구동'),
	(4503, '강원', '동해시', '괴란동'),
	(4504, '강원', '동해시', '만우동'),
	(4505, '강원', '동해시', '신흥동'),
	(4506, '강원', '동해시', '비천동'),
	(4507, '강원', '동해시', '달방동'),
	(4508, '강원', '태백시', '황지동'),
	(4509, '강원', '태백시', '장성동'),
	(4510, '강원', '태백시', '금천동'),
	(4511, '강원', '태백시', '철암동'),
	(4512, '강원', '태백시', '문곡동'),
	(4513, '강원', '태백시', '동점동'),
	(4514, '강원', '태백시', '소도동'),
	(4515, '강원', '태백시', '혈동'),
	(4516, '강원', '태백시', '화전동'),
	(4517, '강원', '태백시', '적각동'),
	(4518, '강원', '태백시', '창죽동'),
	(4519, '강원', '태백시', '통동'),
	(4520, '강원', '태백시', '백산동'),
	(4521, '강원', '태백시', '원동'),
	(4522, '강원', '태백시', '상사미동'),
	(4523, '강원', '태백시', '하사미동'),
	(4524, '강원', '태백시', '조탄동'),
	(4525, '강원', '속초시', '영랑동'),
	(4526, '강원', '속초시', '동명동'),
	(4527, '강원', '속초시', '중앙동'),
	(4528, '강원', '속초시', '금호동'),
	(4529, '강원', '속초시', '청학동'),
	(4530, '강원', '속초시', '교동'),
	(4531, '강원', '속초시', '노학동'),
	(4532, '강원', '속초시', '조양동'),
	(4533, '강원', '속초시', '청호동'),
	(4534, '강원', '속초시', '대포동'),
	(4535, '강원', '속초시', '도문동'),
	(4536, '강원', '속초시', '설악동'),
	(4537, '강원', '속초시', '장사동'),
	(4538, '강원', '삼척시', '성내동'),
	(4539, '강원', '삼척시', '성북동'),
	(4540, '강원', '삼척시', '읍상동'),
	(4541, '강원', '삼척시', '읍중동'),
	(4542, '강원', '삼척시', '당저동'),
	(4543, '강원', '삼척시', '교동'),
	(4544, '강원', '삼척시', '갈천동'),
	(4545, '강원', '삼척시', '증산동'),
	(4546, '강원', '삼척시', '우지동'),
	(4547, '강원', '삼척시', '마달동'),
	(4548, '강원', '삼척시', '자원동'),
	(4549, '강원', '삼척시', '평전동'),
	(4550, '강원', '삼척시', '등봉동'),
	(4551, '강원', '삼척시', '도경동'),
	(4552, '강원', '삼척시', '마평동'),
	(4553, '강원', '삼척시', '오사동'),
	(4554, '강원', '삼척시', '건지동'),
	(4555, '강원', '삼척시', '원당동'),
	(4556, '강원', '삼척시', '성남동'),
	(4557, '강원', '삼척시', '남양동'),
	(4558, '강원', '삼척시', '사직동'),
	(4559, '강원', '삼척시', '오분동'),
	(4560, '강원', '삼척시', '적노동'),
	(4561, '강원', '삼척시', '조비동'),
	(4562, '강원', '삼척시', '정상동'),
	(4563, '강원', '삼척시', '정하동'),
	(4564, '강원', '삼척시', '근산동'),
	(4565, '강원', '삼척시', '도계읍'),
	(4566, '강원', '삼척시', '원덕읍'),
	(4567, '강원', '삼척시', '근덕면'),
	(4568, '강원', '삼척시', '하장면'),
	(4569, '강원', '삼척시', '노곡면'),
	(4570, '강원', '삼척시', '미로면'),
	(4571, '강원', '삼척시', '가곡면'),
	(4572, '강원', '삼척시', '신기면'),
	(4573, '강원', '홍천군', '홍천읍'),
	(4574, '강원', '홍천군', '화촌면'),
	(4575, '강원', '홍천군', '두촌면'),
	(4576, '강원', '홍천군', '내촌면'),
	(4577, '강원', '홍천군', '서석면'),
	(4578, '강원', '홍천군', '영귀미면'),
	(4579, '강원', '홍천군', '남면'),
	(4580, '강원', '홍천군', '서면'),
	(4581, '강원', '홍천군', '북방면'),
	(4582, '강원', '홍천군', '내면'),
	(4583, '강원', '횡성군', '횡성읍'),
	(4584, '강원', '횡성군', '우천면'),
	(4585, '강원', '횡성군', '안흥면'),
	(4586, '강원', '횡성군', '둔내면'),
	(4587, '강원', '횡성군', '갑천면'),
	(4588, '강원', '횡성군', '청일면'),
	(4589, '강원', '횡성군', '공근면'),
	(4590, '강원', '횡성군', '서원면'),
	(4591, '강원', '횡성군', '강림면'),
	(4592, '강원', '영월군', '영월읍'),
	(4593, '강원', '영월군', '상동읍'),
	(4594, '강원', '영월군', '산솔면'),
	(4595, '강원', '영월군', '김삿갓면'),
	(4596, '강원', '영월군', '북면'),
	(4597, '강원', '영월군', '남면'),
	(4598, '강원', '영월군', '한반도면'),
	(4599, '강원', '영월군', '주천면'),
	(4600, '강원', '영월군', '무릉도원면'),
	(4601, '강원', '평창군', '평창읍'),
	(4602, '강원', '평창군', '미탄면'),
	(4603, '강원', '평창군', '방림면'),
	(4604, '강원', '평창군', '대화면'),
	(4605, '강원', '평창군', '봉평면'),
	(4606, '강원', '평창군', '용평면'),
	(4607, '강원', '평창군', '진부면'),
	(4608, '강원', '평창군', '대관령면'),
	(4609, '강원', '정선군', '정선읍'),
	(4610, '강원', '정선군', '고한읍'),
	(4611, '강원', '정선군', '사북읍'),
	(4612, '강원', '정선군', '신동읍'),
	(4613, '강원', '정선군', '남면'),
	(4614, '강원', '정선군', '북평면'),
	(4615, '강원', '정선군', '임계면'),
	(4616, '강원', '정선군', '화암면'),
	(4617, '강원', '정선군', '여량면'),
	(4618, '강원', '철원군', '철원읍'),
	(4619, '강원', '철원군', '김화읍'),
	(4620, '강원', '철원군', '갈말읍'),
	(4621, '강원', '철원군', '동송읍'),
	(4622, '강원', '철원군', '서면'),
	(4623, '강원', '철원군', '근남면'),
	(4624, '강원', '철원군', '근북면'),
	(4625, '강원', '철원군', '근동면'),
	(4626, '강원', '철원군', '원동면'),
	(4627, '강원', '철원군', '원남면'),
	(4628, '강원', '철원군', '임남면'),
	(4629, '강원', '화천군', '화천읍'),
	(4630, '강원', '화천군', '간동면'),
	(4631, '강원', '화천군', '하남면'),
	(4632, '강원', '화천군', '상서면'),
	(4633, '강원', '화천군', '사내면'),
	(4634, '강원', '양구군', '양구읍'),
	(4635, '강원', '양구군', '국토정중앙면'),
	(4636, '강원', '양구군', '동면'),
	(4637, '강원', '양구군', '방산면'),
	(4638, '강원', '양구군', '해안면'),
	(4639, '강원', '인제군', '인제읍'),
	(4640, '강원', '인제군', '남면'),
	(4641, '강원', '인제군', '북면'),
	(4642, '강원', '인제군', '기린면'),
	(4643, '강원', '인제군', '서화면'),
	(4644, '강원', '인제군', '상남면'),
	(4645, '강원', '고성군', '간성읍'),
	(4646, '강원', '고성군', '거진읍'),
	(4647, '강원', '고성군', '현내면'),
	(4648, '강원', '고성군', '죽왕면'),
	(4649, '강원', '고성군', '토성면'),
	(4650, '강원', '고성군', '수동면'),
	(4651, '강원', '양양군', '양양읍'),
	(4652, '강원', '양양군', '서면'),
	(4653, '강원', '양양군', '손양면'),
	(4654, '강원', '양양군', '현북면'),
	(4655, '강원', '양양군', '현남면'),
	(4656, '강원', '양양군', '강현면'),
	(4657, '전북', '전주시 완산구', '중앙동1가'),
	(4658, '전북', '전주시 완산구', '중앙동2가'),
	(4659, '전북', '전주시 완산구', '중앙동3가'),
	(4660, '전북', '전주시 완산구', '중앙동4가'),
	(4661, '전북', '전주시 완산구', '경원동1가'),
	(4662, '전북', '전주시 완산구', '경원동2가'),
	(4663, '전북', '전주시 완산구', '경원동3가'),
	(4664, '전북', '전주시 완산구', '풍남동1가'),
	(4665, '전북', '전주시 완산구', '풍남동2가'),
	(4666, '전북', '전주시 완산구', '풍남동3가'),
	(4667, '전북', '전주시 완산구', '전동'),
	(4668, '전북', '전주시 완산구', '전동3가'),
	(4669, '전북', '전주시 완산구', '다가동1가'),
	(4670, '전북', '전주시 완산구', '다가동2가'),
	(4671, '전북', '전주시 완산구', '다가동3가'),
	(4672, '전북', '전주시 완산구', '다가동4가'),
	(4673, '전북', '전주시 완산구', '고사동'),
	(4674, '전북', '전주시 완산구', '교동'),
	(4675, '전북', '전주시 완산구', '태평동'),
	(4676, '전북', '전주시 완산구', '중노송동'),
	(4677, '전북', '전주시 완산구', '남노송동'),
	(4678, '전북', '전주시 완산구', '동완산동'),
	(4679, '전북', '전주시 완산구', '서완산동1가'),
	(4680, '전북', '전주시 완산구', '서완산동2가'),
	(4681, '전북', '전주시 완산구', '동서학동'),
	(4682, '전북', '전주시 완산구', '서서학동'),
	(4683, '전북', '전주시 완산구', '중화산동1가'),
	(4684, '전북', '전주시 완산구', '중화산동2가'),
	(4685, '전북', '전주시 완산구', '서신동'),
	(4686, '전북', '전주시 완산구', '석구동'),
	(4687, '전북', '전주시 완산구', '원당동'),
	(4688, '전북', '전주시 완산구', '평화동1가'),
	(4689, '전북', '전주시 완산구', '평화동2가'),
	(4690, '전북', '전주시 완산구', '평화동3가'),
	(4691, '전북', '전주시 완산구', '중인동'),
	(4692, '전북', '전주시 완산구', '용복동'),
	(4693, '전북', '전주시 완산구', '삼천동1가'),
	(4694, '전북', '전주시 완산구', '삼천동2가'),
	(4695, '전북', '전주시 완산구', '삼천동3가'),
	(4696, '전북', '전주시 완산구', '효자동1가'),
	(4697, '전북', '전주시 완산구', '효자동2가'),
	(4698, '전북', '전주시 완산구', '효자동3가'),
	(4699, '전북', '전주시 완산구', '대성동'),
	(4700, '전북', '전주시 완산구', '색장동'),
	(4701, '전북', '전주시 완산구', '상림동'),
	(4702, '전북', '전주시 완산구', '서노송동'),
	(4703, '전북', '전주시 덕진구', '진북동'),
	(4704, '전북', '전주시 덕진구', '인후동1가'),
	(4705, '전북', '전주시 덕진구', '인후동2가'),
	(4706, '전북', '전주시 덕진구', '덕진동1가'),
	(4707, '전북', '전주시 덕진구', '덕진동2가'),
	(4708, '전북', '전주시 덕진구', '금암동'),
	(4709, '전북', '전주시 덕진구', '팔복동1가'),
	(4710, '전북', '전주시 덕진구', '팔복동2가'),
	(4711, '전북', '전주시 덕진구', '팔복동3가'),
	(4712, '전북', '전주시 덕진구', '산정동'),
	(4713, '전북', '전주시 덕진구', '금상동'),
	(4714, '전북', '전주시 덕진구', '우아동1가'),
	(4715, '전북', '전주시 덕진구', '우아동2가'),
	(4716, '전북', '전주시 덕진구', '우아동3가'),
	(4717, '전북', '전주시 덕진구', '호성동1가'),
	(4718, '전북', '전주시 덕진구', '호성동2가'),
	(4719, '전북', '전주시 덕진구', '호성동3가'),
	(4720, '전북', '전주시 덕진구', '전미동1가'),
	(4721, '전북', '전주시 덕진구', '전미동2가'),
	(4722, '전북', '전주시 덕진구', '송천동1가'),
	(4723, '전북', '전주시 덕진구', '송천동2가'),
	(4724, '전북', '전주시 덕진구', '반월동'),
	(4725, '전북', '전주시 덕진구', '화전동'),
	(4726, '전북', '전주시 덕진구', '용정동'),
	(4727, '전북', '전주시 덕진구', '성덕동'),
	(4728, '전북', '전주시 덕진구', '원동'),
	(4729, '전북', '전주시 덕진구', '고랑동'),
	(4730, '전북', '전주시 덕진구', '여의동'),
	(4731, '전북', '전주시 덕진구', '만성동'),
	(4732, '전북', '전주시 덕진구', '장동'),
	(4733, '전북', '전주시 덕진구', '팔복동4가'),
	(4734, '전북', '전주시 덕진구', '도도동'),
	(4735, '전북', '전주시 덕진구', '강흥동'),
	(4736, '전북', '전주시 덕진구', '도덕동'),
	(4737, '전북', '전주시 덕진구', '남정동'),
	(4738, '전북', '전주시 덕진구', '중동'),
	(4739, '전북', '전주시 덕진구', '여의동2가'),
	(4740, '전북', '군산시', '해망동'),
	(4741, '전북', '군산시', '신흥동'),
	(4742, '전북', '군산시', '금동'),
	(4743, '전북', '군산시', '월명동'),
	(4744, '전북', '군산시', '신창동'),
	(4745, '전북', '군산시', '오룡동'),
	(4746, '전북', '군산시', '금광동'),
	(4747, '전북', '군산시', '신풍동'),
	(4748, '전북', '군산시', '송풍동'),
	(4749, '전북', '군산시', '문화동'),
	(4750, '전북', '군산시', '삼학동'),
	(4751, '전북', '군산시', '선양동'),
	(4752, '전북', '군산시', '둔율동'),
	(4753, '전북', '군산시', '창성동'),
	(4754, '전북', '군산시', '명산동'),
	(4755, '전북', '군산시', '송창동'),
	(4756, '전북', '군산시', '개복동'),
	(4757, '전북', '군산시', '중앙로1가'),
	(4758, '전북', '군산시', '영화동'),
	(4759, '전북', '군산시', '장미동'),
	(4760, '전북', '군산시', '중앙로2가'),
	(4761, '전북', '군산시', '영동'),
	(4762, '전북', '군산시', '신영동'),
	(4763, '전북', '군산시', '죽성동'),
	(4764, '전북', '군산시', '평화동'),
	(4765, '전북', '군산시', '중앙로3가'),
	(4766, '전북', '군산시', '대명동'),
	(4767, '전북', '군산시', '장재동'),
	(4768, '전북', '군산시', '미원동'),
	(4769, '전북', '군산시', '중동'),
	(4770, '전북', '군산시', '금암동'),
	(4771, '전북', '군산시', '동흥남동'),
	(4772, '전북', '군산시', '서흥남동'),
	(4773, '전북', '군산시', '조촌동'),
	(4774, '전북', '군산시', '경장동'),
	(4775, '전북', '군산시', '경암동'),
	(4776, '전북', '군산시', '구암동'),
	(4777, '전북', '군산시', '내흥동'),
	(4778, '전북', '군산시', '개정동'),
	(4779, '전북', '군산시', '사정동'),
	(4780, '전북', '군산시', '수송동'),
	(4781, '전북', '군산시', '미장동'),
	(4782, '전북', '군산시', '지곡동'),
	(4783, '전북', '군산시', '나운동'),
	(4784, '전북', '군산시', '미룡동'),
	(4785, '전북', '군산시', '소룡동'),
	(4786, '전북', '군산시', '오식도동'),
	(4787, '전북', '군산시', '비응도동'),
	(4788, '전북', '군산시', '신관동'),
	(4789, '전북', '군산시', '개사동'),
	(4790, '전북', '군산시', '산북동'),
	(4791, '전북', '군산시', '내초동'),
	(4792, '전북', '군산시', '옥구읍'),
	(4793, '전북', '군산시', '옥산면'),
	(4794, '전북', '군산시', '회현면'),
	(4795, '전북', '군산시', '임피면'),
	(4796, '전북', '군산시', '서수면'),
	(4797, '전북', '군산시', '대야면'),
	(4798, '전북', '군산시', '개정면'),
	(4799, '전북', '군산시', '성산면'),
	(4800, '전북', '군산시', '나포면'),
	(4801, '전북', '군산시', '옥도면'),
	(4802, '전북', '군산시', '옥서면'),
	(4803, '전북', '익산시', '창인동1가'),
	(4804, '전북', '익산시', '창인동2가'),
	(4805, '전북', '익산시', '중앙동1가'),
	(4806, '전북', '익산시', '중앙동2가'),
	(4807, '전북', '익산시', '중앙동3가'),
	(4808, '전북', '익산시', '평화동'),
	(4809, '전북', '익산시', '갈산동'),
	(4810, '전북', '익산시', '주현동'),
	(4811, '전북', '익산시', '인화동1가'),
	(4812, '전북', '익산시', '인화동2가'),
	(4813, '전북', '익산시', '동산동'),
	(4814, '전북', '익산시', '마동'),
	(4815, '전북', '익산시', '남중동'),
	(4816, '전북', '익산시', '모현동1가'),
	(4817, '전북', '익산시', '모현동2가'),
	(4818, '전북', '익산시', '송학동'),
	(4819, '전북', '익산시', '목천동'),
	(4820, '전북', '익산시', '만석동'),
	(4821, '전북', '익산시', '현영동'),
	(4822, '전북', '익산시', '신용동'),
	(4823, '전북', '익산시', '신동'),
	(4824, '전북', '익산시', '영등동'),
	(4825, '전북', '익산시', '어양동'),
	(4826, '전북', '익산시', '신흥동'),
	(4827, '전북', '익산시', '금강동'),
	(4828, '전북', '익산시', '석탄동'),
	(4829, '전북', '익산시', '팔봉동'),
	(4830, '전북', '익산시', '덕기동'),
	(4831, '전북', '익산시', '석왕동'),
	(4832, '전북', '익산시', '은기동'),
	(4833, '전북', '익산시', '정족동'),
	(4834, '전북', '익산시', '임상동'),
	(4835, '전북', '익산시', '월성동'),
	(4836, '전북', '익산시', '부송동'),
	(4837, '전북', '익산시', '용제동'),
	(4838, '전북', '익산시', '석암동'),
	(4839, '전북', '익산시', '함열읍'),
	(4840, '전북', '익산시', '오산면'),
	(4841, '전북', '익산시', '황등면'),
	(4842, '전북', '익산시', '함라면'),
	(4843, '전북', '익산시', '웅포면'),
	(4844, '전북', '익산시', '성당면'),
	(4845, '전북', '익산시', '용안면'),
	(4846, '전북', '익산시', '낭산면'),
	(4847, '전북', '익산시', '망성면'),
	(4848, '전북', '익산시', '여산면'),
	(4849, '전북', '익산시', '금마면'),
	(4850, '전북', '익산시', '왕궁면'),
	(4851, '전북', '익산시', '춘포면'),
	(4852, '전북', '익산시', '삼기면'),
	(4853, '전북', '익산시', '용동면'),
	(4854, '전북', '정읍시', '수성동'),
	(4855, '전북', '정읍시', '장명동'),
	(4856, '전북', '정읍시', '상동'),
	(4857, '전북', '정읍시', '시기동'),
	(4858, '전북', '정읍시', '연지동'),
	(4859, '전북', '정읍시', '농소동'),
	(4860, '전북', '정읍시', '하모동'),
	(4861, '전북', '정읍시', '상평동'),
	(4862, '전북', '정읍시', '과교동'),
	(4863, '전북', '정읍시', '삼산동'),
	(4864, '전북', '정읍시', '진산동'),
	(4865, '전북', '정읍시', '금붕동'),
	(4866, '전북', '정읍시', '송산동'),
	(4867, '전북', '정읍시', '신월동'),
	(4868, '전북', '정읍시', '용산동'),
	(4869, '전북', '정읍시', '교암동'),
	(4870, '전북', '정읍시', '부전동'),
	(4871, '전북', '정읍시', '쌍암동'),
	(4872, '전북', '정읍시', '내장동'),
	(4873, '전북', '정읍시', '영파동'),
	(4874, '전북', '정읍시', '하북동'),
	(4875, '전북', '정읍시', '구룡동'),
	(4876, '전북', '정읍시', '흑암동'),
	(4877, '전북', '정읍시', '용계동'),
	(4878, '전북', '정읍시', '공평동'),
	(4879, '전북', '정읍시', '망제동'),
	(4880, '전북', '정읍시', '신정동'),
	(4881, '전북', '정읍시', '신태인읍'),
	(4882, '전북', '정읍시', '북면'),
	(4883, '전북', '정읍시', '입암면'),
	(4884, '전북', '정읍시', '소성면'),
	(4885, '전북', '정읍시', '고부면'),
	(4886, '전북', '정읍시', '영원면'),
	(4887, '전북', '정읍시', '덕천면'),
	(4888, '전북', '정읍시', '이평면'),
	(4889, '전북', '정읍시', '정우면'),
	(4890, '전북', '정읍시', '태인면'),
	(4891, '전북', '정읍시', '감곡면'),
	(4892, '전북', '정읍시', '옹동면'),
	(4893, '전북', '정읍시', '칠보면'),
	(4894, '전북', '정읍시', '산내면'),
	(4895, '전북', '정읍시', '산외면'),
	(4896, '전북', '남원시', '동충동'),
	(4897, '전북', '남원시', '하정동'),
	(4898, '전북', '남원시', '죽항동'),
	(4899, '전북', '남원시', '쌍교동'),
	(4900, '전북', '남원시', '천거동'),
	(4901, '전북', '남원시', '금동'),
	(4902, '전북', '남원시', '조산동'),
	(4903, '전북', '남원시', '왕정동'),
	(4904, '전북', '남원시', '신정동'),
	(4905, '전북', '남원시', '화정동'),
	(4906, '전북', '남원시', '향교동'),
	(4907, '전북', '남원시', '용정동'),
	(4908, '전북', '남원시', '광치동'),
	(4909, '전북', '남원시', '내척동'),
	(4910, '전북', '남원시', '산곡동'),
	(4911, '전북', '남원시', '도통동'),
	(4912, '전북', '남원시', '월락동'),
	(4913, '전북', '남원시', '고죽동'),
	(4914, '전북', '남원시', '식정동'),
	(4915, '전북', '남원시', '갈치동'),
	(4916, '전북', '남원시', '노암동'),
	(4917, '전북', '남원시', '어현동'),
	(4918, '전북', '남원시', '신촌동'),
	(4919, '전북', '남원시', '운봉읍'),
	(4920, '전북', '남원시', '주천면'),
	(4921, '전북', '남원시', '수지면'),
	(4922, '전북', '남원시', '송동면'),
	(4923, '전북', '남원시', '주생면'),
	(4924, '전북', '남원시', '금지면'),
	(4925, '전북', '남원시', '대강면'),
	(4926, '전북', '남원시', '대산면'),
	(4927, '전북', '남원시', '사매면'),
	(4928, '전북', '남원시', '덕과면'),
	(4929, '전북', '남원시', '보절면'),
	(4930, '전북', '남원시', '산동면'),
	(4931, '전북', '남원시', '이백면'),
	(4932, '전북', '남원시', '아영면'),
	(4933, '전북', '남원시', '산내면'),
	(4934, '전북', '남원시', '인월면'),
	(4935, '전북', '김제시', '요촌동'),
	(4936, '전북', '김제시', '신풍동'),
	(4937, '전북', '김제시', '용동'),
	(4938, '전북', '김제시', '검산동'),
	(4939, '전북', '김제시', '순동'),
	(4940, '전북', '김제시', '백학동'),
	(4941, '전북', '김제시', '서암동'),
	(4942, '전북', '김제시', '신곡동'),
	(4943, '전북', '김제시', '교동'),
	(4944, '전북', '김제시', '옥산동'),
	(4945, '전북', '김제시', '갈공동'),
	(4946, '전북', '김제시', '하동'),
	(4947, '전북', '김제시', '흥사동'),
	(4948, '전북', '김제시', '상동동'),
	(4949, '전북', '김제시', '월성동'),
	(4950, '전북', '김제시', '황산동'),
	(4951, '전북', '김제시', '난봉동'),
	(4952, '전북', '김제시', '오정동'),
	(4953, '전북', '김제시', '복죽동'),
	(4954, '전북', '김제시', '입석동'),
	(4955, '전북', '김제시', '장화동'),
	(4956, '전북', '김제시', '신덕동'),
	(4957, '전북', '김제시', '월봉동'),
	(4958, '전북', '김제시', '신월동'),
	(4959, '전북', '김제시', '연정동'),
	(4960, '전북', '김제시', '명덕동'),
	(4961, '전북', '김제시', '제월동'),
	(4962, '전북', '김제시', '도장동'),
	(4963, '전북', '김제시', '서정동'),
	(4964, '전북', '김제시', '양전동'),
	(4965, '전북', '김제시', '만경읍'),
	(4966, '전북', '김제시', '죽산면'),
	(4967, '전북', '김제시', '백산면'),
	(4968, '전북', '김제시', '용지면'),
	(4969, '전북', '김제시', '백구면'),
	(4970, '전북', '김제시', '부량면'),
	(4971, '전북', '김제시', '공덕면'),
	(4972, '전북', '김제시', '청하면'),
	(4973, '전북', '김제시', '성덕면'),
	(4974, '전북', '김제시', '진봉면'),
	(4975, '전북', '김제시', '금구면'),
	(4976, '전북', '김제시', '봉남면'),
	(4977, '전북', '김제시', '황산면'),
	(4978, '전북', '김제시', '금산면'),
	(4979, '전북', '김제시', '광활면'),
	(4980, '전북', '완주군', '삼례읍'),
	(4981, '전북', '완주군', '봉동읍'),
	(4982, '전북', '완주군', '용진읍'),
	(4983, '전북', '완주군', '상관면'),
	(4984, '전북', '완주군', '이서면'),
	(4985, '전북', '완주군', '소양면'),
	(4986, '전북', '완주군', '구이면'),
	(4987, '전북', '완주군', '고산면'),
	(4988, '전북', '완주군', '비봉면'),
	(4989, '전북', '완주군', '운주면'),
	(4990, '전북', '완주군', '화산면'),
	(4991, '전북', '완주군', '동상면'),
	(4992, '전북', '완주군', '경천면'),
	(4993, '전북', '진안군', '진안읍'),
	(4994, '전북', '진안군', '용담면'),
	(4995, '전북', '진안군', '안천면'),
	(4996, '전북', '진안군', '동향면'),
	(4997, '전북', '진안군', '상전면'),
	(4998, '전북', '진안군', '백운면'),
	(4999, '전북', '진안군', '성수면'),
	(5000, '전북', '진안군', '마령면'),
	(5001, '전북', '진안군', '부귀면'),
	(5002, '전북', '진안군', '정천면'),
	(5003, '전북', '진안군', '주천면'),
	(5004, '전북', '무주군', '무주읍'),
	(5005, '전북', '무주군', '무풍면'),
	(5006, '전북', '무주군', '설천면'),
	(5007, '전북', '무주군', '적상면'),
	(5008, '전북', '무주군', '안성면'),
	(5009, '전북', '무주군', '부남면'),
	(5010, '전북', '장수군', '장수읍'),
	(5011, '전북', '장수군', '산서면'),
	(5012, '전북', '장수군', '번암면'),
	(5013, '전북', '장수군', '장계면'),
	(5014, '전북', '장수군', '천천면'),
	(5015, '전북', '장수군', '계남면'),
	(5016, '전북', '장수군', '계북면'),
	(5017, '전북', '임실군', '임실읍'),
	(5018, '전북', '임실군', '청웅면'),
	(5019, '전북', '임실군', '운암면'),
	(5020, '전북', '임실군', '신평면'),
	(5021, '전북', '임실군', '성수면'),
	(5022, '전북', '임실군', '오수면'),
	(5023, '전북', '임실군', '신덕면'),
	(5024, '전북', '임실군', '삼계면'),
	(5025, '전북', '임실군', '관촌면'),
	(5026, '전북', '임실군', '강진면'),
	(5027, '전북', '임실군', '덕치면'),
	(5028, '전북', '임실군', '지사면'),
	(5029, '전북', '순창군', '순창읍'),
	(5030, '전북', '순창군', '인계면'),
	(5031, '전북', '순창군', '동계면'),
	(5032, '전북', '순창군', '풍산면'),
	(5033, '전북', '순창군', '금과면'),
	(5034, '전북', '순창군', '팔덕면'),
	(5035, '전북', '순창군', '쌍치면'),
	(5036, '전북', '순창군', '복흥면'),
	(5037, '전북', '순창군', '적성면'),
	(5038, '전북', '순창군', '유등면'),
	(5039, '전북', '순창군', '구림면'),
	(5040, '전북', '고창군', '고창읍'),
	(5041, '전북', '고창군', '고수면'),
	(5042, '전북', '고창군', '아산면'),
	(5043, '전북', '고창군', '무장면'),
	(5044, '전북', '고창군', '공음면'),
	(5045, '전북', '고창군', '상하면'),
	(5046, '전북', '고창군', '해리면'),
	(5047, '전북', '고창군', '성송면'),
	(5048, '전북', '고창군', '대산면'),
	(5049, '전북', '고창군', '심원면'),
	(5050, '전북', '고창군', '흥덕면'),
	(5051, '전북', '고창군', '성내면'),
	(5052, '전북', '고창군', '신림면'),
	(5053, '전북', '고창군', '부안면'),
	(5054, '전북', '부안군', '부안읍'),
	(5055, '전북', '부안군', '주산면'),
	(5056, '전북', '부안군', '동진면'),
	(5057, '전북', '부안군', '행안면'),
	(5058, '전북', '부안군', '계화면'),
	(5059, '전북', '부안군', '보안면'),
	(5060, '전북', '부안군', '변산면'),
	(5061, '전북', '부안군', '진서면'),
	(5062, '전북', '부안군', '백산면'),
	(5063, '전북', '부안군', '상서면'),
	(5064, '전북', '부안군', '하서면'),
	(5065, '전북', '부안군', '줄포면'),
	(5066, '전북', '부안군', '위도면');

-- 테이블 spring-project.FOOD114_BIZ_FILE 구조 내보내기
CREATE TABLE IF NOT EXISTS `FOOD114_BIZ_FILE` (
  `BIZFILENO` int NOT NULL AUTO_INCREMENT COMMENT '파일 고유번호',
  `BIZID` varchar(50) NOT NULL DEFAULT '' COMMENT '사업자아이디',
  `FILEPATH` varchar(255) CHARACTER SET utf8mb4 COLLATE utf8mb4_0900_ai_ci DEFAULT NULL COMMENT '파일 주소',
  `FILENAME` varchar(100) CHARACTER SET utf8mb4 COLLATE utf8mb4_0900_ai_ci DEFAULT NULL COMMENT '저장파일명',
  `FILEORGNAME` varchar(100) CHARACTER SET utf8mb4 COLLATE utf8mb4_0900_ai_ci DEFAULT NULL COMMENT '원본파일명',
  `FILESIZE` int DEFAULT NULL COMMENT '파일크기',
  `FILEETC` varchar(50) CHARACTER SET utf8mb4 COLLATE utf8mb4_0900_ai_ci DEFAULT NULL COMMENT '확장자',
  `DELETETIME` datetime DEFAULT NULL COMMENT '삭제시간',
  `STATUS` varchar(50) DEFAULT NULL COMMENT '상태',
  PRIMARY KEY (`BIZFILENO`)
) ENGINE=InnoDB AUTO_INCREMENT=85 DEFAULT CHARSET=utf8mb4 COLLATE=utf8mb4_0900_ai_ci;

-- 테이블 데이터 spring-project.FOOD114_BIZ_FILE:~82 rows (대략적) 내보내기
INSERT INTO `FOOD114_BIZ_FILE` (`BIZFILENO`, `BIZID`, `FILEPATH`, `FILENAME`, `FILEORGNAME`, `FILESIZE`, `FILEETC`, `DELETETIME`, `STATUS`) VALUES
	(1, 'hi123', '../bizFile/', '202421201141216.jpg', 'nojingu.jpg', 11634, '.jpg', '2024-03-12 13:05:56', 'DELETE'),
	(2, 'hi123', '../bizFile/', '20242121555535.jpg', 'yu3.jpg', 6976, '.jpg', '2024-03-12 13:06:45', 'DELETE'),
	(3, 'hi123', '../bizFile/', '20242121644783.jpg', 'GGanggu.jpg', 14574, '.jpg', '2024-03-12 13:20:31', 'DELETE'),
	(4, 'hi123', '../bizFile/', '20242121203179.jpg', 'nojingu.jpg', 11634, '.jpg', '2024-03-13 10:51:55', 'DELETE'),
	(5, 'hi123', '../bizFile/', '202421310515672.jpg', 'GGanggu.jpg', 14574, '.jpg', '2024-03-13 12:05:41', 'DELETE'),
	(6, 'hi123', '../bizFile/', '202421301322269.jpg', 'main_event1.jpg', 466405, '.jpg', '2024-03-13 12:35:40', 'DELETE'),
	(7, 'hi123', '../bizFile/', '202421303620734.jpg', 'cup-2.jpg', 21789, '.jpg', '2024-03-13 12:43:00', 'DELETE'),
	(8, 'hi123', '../bizFile/', '202421303836389.jpg', 'prod2.jpg', 26481, '.jpg', '2024-03-13 12:38:35', 'DELETE'),
	(9, 'hi123', '../bizFile/', '202421303915727.jpg', 'prod2.jpg', 26481, '.jpg', '2024-03-13 12:43:14', 'DELETE'),
	(10, 'hi123', '../bizFile/', '202421305311217.png', 'map.png', 43224, '.png', '2024-03-13 12:53:04', 'DELETE'),
	(11, 'hi123', '../bizFile/', '202421305344939.png', 'down.png', 2639, '.png', '2024-03-13 12:53:32', 'DELETE'),
	(12, 'hi123', '../bizFile/', '202421305413567.png', 'map.png', 43224, '.png', '2024-03-13 14:38:30', 'DELETE'),
	(13, 'hi123', '../bizFile/', '202421323911183.png', 'down.png', 2639, '.png', '2024-03-13 14:56:15', 'DELETE'),
	(14, 'hi123', '../bizFile/', '202421325655938.png', 'map.png', 43224, '.png', '2024-03-13 15:02:19', 'DELETE'),
	(15, 'hi123', '../bizFile/', '2024213330588.png', 'down.png', 2639, '.png', '2024-03-13 17:31:10', 'DELETE'),
	(16, 'hi123', '../bizFile/', '20242133178237.png', 'map.png', 43224, '.png', '2024-03-13 15:21:28', 'DELETE'),
	(17, 'hi123', '../bizFile/', '20242133228967.png', 'map.png', 43224, '.png', '2024-03-13 15:22:30', 'DELETE'),
	(18, 'hi123', '../bizFile/', '202421332310903.png', 'map.png', 43224, '.png', '2024-03-13 15:30:04', 'DELETE'),
	(19, 'hi123', '../bizFile/', '20242133304532.png', 'map.png', 43224, '.png', '2024-03-13 15:30:06', 'DELETE'),
	(20, 'hi123', '../bizFile/', '202421333047120.png', 'down.png', 2639, '.png', '2024-03-13 15:30:09', 'DELETE'),
	(21, 'hi123', '../bizFile/', '202421333050377.png', 'map.png', 43224, '.png', '2024-03-13 15:30:27', 'DELETE'),
	(22, 'hi123', '../bizFile/', '20242133318328.png', 'map.png', 43224, '.png', '2024-03-13 15:30:29', 'DELETE'),
	(23, 'hi123', '../bizFile/', '202421333110301.png', 'down.png', 2639, '.png', '2024-03-13 15:33:22', 'DELETE'),
	(24, 'hi123', '../bizFile/', '20242133343199.png', 'map.png', 43224, '.png', '2024-03-13 17:25:14', 'DELETE'),
	(25, 'hi123', '../bizFile/', '202421352554771.png', 'map.png', 43224, '.png', '2024-03-13 17:31:04', 'DELETE'),
	(26, 'hi123', '../bizFile/', '202421353144724.png', 'map.png', 43224, '.png', '2024-03-13 17:31:06', 'DELETE'),
	(27, 'hi123', '../bizFile/', '20242135314731.png', 'down.png', 2639, '.png', '2024-03-13 17:31:08', 'DELETE'),
	(28, 'hi123', '../bizFile/', '202421353149335.png', 'map.png', 43224, '.png', '2024-03-13 17:33:07', 'DELETE'),
	(29, 'hi123', '../bizFile/', '20242135320881.png', 'down.png', 2639, '.png', '2024-03-13 17:31:22', 'DELETE'),
	(30, 'hi123', '../bizFile/', '20242135323529.png', 'map.png', 43224, '.png', '2024-03-13 17:31:28', 'DELETE'),
	(31, 'hi123', '../bizFile/', '20242135328797.png', 'down.png', 2639, '.png', '2024-03-13 17:32:58', 'DELETE'),
	(32, 'hi123', '../bizFile/', '202421353339618.png', 'down.png', 2639, '.png', '2024-03-13 17:33:05', 'DELETE'),
	(33, 'hi123', '../bizFile/', '202421353346485.png', 'down.png', 2639, '.png', '2024-03-13 17:35:35', 'DELETE'),
	(34, 'hi123', '../bizFile/', '202421355211899.jpg', 'java3.jpg', 38470, '.jpg', '2024-03-14 09:31:22', 'DELETE'),
	(35, 'hi123', '../bizFile/', '20242137856464.jpg', '강원도.jpg', 206371, '.jpg', '2024-03-14 09:31:15', 'DELETE'),
	(36, 'hi123', '../bizFile/', '202421493156322.png', 'map.png', 43224, '.png', '2024-03-14 09:31:21', 'DELETE'),
	(37, 'hi123', '../bizFile/', '20242149322490.png', 'down.png', 2639, '.png', '2024-03-14 09:58:59', 'DELETE'),
	(38, 'hi123', '../bizFile/', '20242149593959.png', 'map.png', 43224, '.png', '2024-03-14 09:59:42', 'DELETE'),
	(39, 'hi123', '../bizFile/', '202421410022466.png', 'down.png', 2639, '.png', '2024-03-18 14:14:08', 'DELETE'),
	(40, 'hong1234', '../bizFile/', '202421431730352.jpg', '3123123.jpg', 24630, '.jpg', NULL, 'COMPLETE'),
	(41, 'hi123', '../bizFile/', '202421621444514.png', 'figma ex - flutter.png', 3301823, '.png', '2024-03-18 14:13:58', 'DELETE'),
	(42, 'biz01', '../bizFile/', '20242176134486.png', 'paikLogo.png', 65837, '.png', '2024-03-20 11:00:13', 'DELETE'),
	(43, 'biz03', '../bizFile/', '202421762631699.jpg', '기대만족.jpg', 25865, '.jpg', '2024-03-17 18:28:54', 'DELETE'),
	(44, 'biz03', '../bizFile/', '202421762854202.jpg', '기대만족.jpg', 25865, '.jpg', '2024-03-20 15:15:07', 'DELETE'),
	(45, 'hi123', '../bizFile/', '20242182141787.jpg', '메가커피_로고.jpg', 4782, '.jpg', NULL, 'COMPLETE'),
	(46, 'hi123', '../bizFile/', '20242199532273.png', 'icons-link.png', 695, '.png', '2024-03-21 15:37:00', 'DELETE'),
	(47, 'biz01', '../bizFile/', '202422011012554.png', '빽다방로고.png', 65837, '.png', '2024-03-20 16:23:40', 'DELETE'),
	(48, 'bin', '../bizFile/', '202422001956224.jpeg', 'dack.jpeg', 13359, '.jpeg', NULL, 'COMPLETE'),
	(49, 'test10', '../bizFile/', '202422025819441.png', 'minmain.png', 6453, '.png', NULL, 'COMPLETE'),
	(50, 'biz03', '../bizFile/', '202422031443586.jpg', 'jang.jpg', 104044, '.jpg', NULL, 'COMPLETE'),
	(51, 'hong12345', '../bizFile/', '202422033831815.jpg', 'pho.jpg', 20673, '.jpg', NULL, 'COMPLETE'),
	(52, 'test1234', '../bizFile/', '202422034517800.jpg', 'bhc.jpg', 35867, '.jpg', NULL, 'COMPLETE'),
	(53, 'test11', '../bizFile/', '202422035031470.png', 'mcdo.png', 2323, '.png', NULL, 'COMPLETE'),
	(54, 'biz01', '../bizFile/', '20242204233923.png', 'back.png', 81450, '.png', NULL, 'COMPLETE'),
	(55, 'test13', '../bizFile/', '20242205245707.jpg', 'pizza.jpg', 45529, '.jpg', '2024-03-20 17:03:01', 'DELETE'),
	(56, 'test13', '../bizFile/', '2024220531658.jpg', 'pizza.jpg', 45529, '.jpg', NULL, 'COMPLETE'),
	(57, 'hong123', '../bizFile/', '202422051434908.png', 'dopoki.png', 40232, '.png', '2024-03-20 17:14:40', 'DELETE'),
	(58, 'hong123', '../bizFile/', '202422051440204.png', 'dopoki.png', 40232, '.png', NULL, 'COMPLETE'),
	(59, 'test6', '../bizFile/', '20242206130334.jpg', 'RLhXWgRf_400x400.jpg', 7147, '.jpg', NULL, 'COMPLETE'),
	(60, 'red123', '../bizFile/', '202422073823657.png', 'galbi.png', 86103, '.png', NULL, 'COMPLETE'),
	(61, 'test9', '../bizFile/', '202422074634646.png', 'a1.png', 9281, '.png', NULL, 'COMPLETE'),
	(62, 'hello1', '../bizFile/', '202422074815980.jpg', 'twosome.jpg', 216274, '.jpg', NULL, 'COMPLETE'),
	(63, 'test8', '../bizFile/', '202422074956600.png', 'a1.png', 9281, '.png', '2024-03-20 19:53:35', 'DELETE'),
	(64, 'test8', '../bizFile/', '202422075335891.png', 'b1.png', 2495, '.png', NULL, 'COMPLETE'),
	(65, 'test7', '../bizFile/', '202422075612424.png', 'c1.png', 89529, '.png', '2024-03-20 19:56:41', 'DELETE'),
	(66, 'test7', '../bizFile/', '202422075640224.png', 'png-transparent-coffee-cafe-starbucks-starbucks-logo-starbucks-logo-food-label-text.png', 11661, '.png', '2024-03-20 19:57:01', 'DELETE'),
	(67, 'test7', '../bizFile/', '20242207570336.png', 'png-transparent-starbucks-logo-cafe-coffee-starbucks-logo-starbucks-leaf-symmetry-wordmark.png', 16073, '.png', '2024-03-20 19:57:35', 'DELETE'),
	(68, 'test7', '../bizFile/', '202422075733715.png', '다운로드.png', 5229, '.png', NULL, 'COMPLETE'),
	(69, 'hi1234', '../bizFile/', '202422075835839.png', 'piggogi.png', 14691, '.png', NULL, 'COMPLETE'),
	(70, 'mom123', '../bizFile/', '20242208646697.jpg', 'momchiken.jpg', 128727, '.jpg', NULL, 'COMPLETE'),
	(71, 'test3', '../bizFile/', '20242208715169.png', '다운로드 (1).png', 5674, '.png', NULL, 'COMPLETE'),
	(72, 'test14', '../bizFile/', '20242208188822.png', '다운로드 (2).png', 3541, '.png', NULL, 'COMPLETE'),
	(73, 'test15', '../bizFile/', '20242208255921.png', 'logo_main (1).png', 11362, '.png', NULL, 'COMPLETE'),
	(74, 'test4', '../bizFile/', '2024220973598.png', 'china.png', 51898, '.png', NULL, 'COMPLETE'),
	(75, 'test5', '../bizFile/', '202422194627417.jpg', 'images.jpg', 10774, '.jpg', '2024-03-21 09:49:35', 'DELETE'),
	(76, 'test5', '../bizFile/', '20242219493582.jpg', 'images.jpg', 18998, '.jpg', NULL, 'COMPLETE'),
	(77, 'test2', '../bizFile/', '202422195014830.jpg', 'images (1).jpg', 8336, '.jpg', NULL, 'COMPLETE'),
	(78, 'test12', '../bizFile/', '202422110514412.jpg', 'CU.jpg', 56957, '.jpg', '2024-03-21 10:12:53', 'DELETE'),
	(79, 'test12', '../bizFile/', '2024221101254230.jpg', 'CU.jpg', 56957, '.jpg', NULL, 'COMPLETE'),
	(80, 'test1', '../bizFile/', '2024221101444499.png', '다운로드.png', 6152, '.png', '2024-03-21 10:19:13', 'DELETE'),
	(81, 'test1', '../bizFile/', '2024221101913409.png', '다운로드 (1).png', 7361, '.png', NULL, 'COMPLETE'),
	(82, 'biz10', '../bizFile/', '2024221103941653.jpg', 'paris.jpg', 16723, '.jpg', NULL, 'COMPLETE'),
	(83, 'hi123', '../bizFile/', '20242213372292.png', 'event2.png', 1065403, '.png', '2024-03-21 15:37:23', 'DELETE'),
	(84, 'hi123', '../bizFile/', '202422133725542.png', 'map.png', 43224, '.png', NULL, 'WAIT');

-- 테이블 spring-project.FOOD114_BIZ_INFO 구조 내보내기
CREATE TABLE IF NOT EXISTS `FOOD114_BIZ_INFO` (
  `BIZID` varchar(50) CHARACTER SET utf8mb4 COLLATE utf8mb4_0900_ai_ci NOT NULL COMMENT '사업자 아이디',
  `PWD` varchar(100) CHARACTER SET utf8mb4 COLLATE utf8mb4_0900_ai_ci NOT NULL COMMENT '비밀번호',
  `BIZNO` varchar(20) CHARACTER SET utf8mb4 COLLATE utf8mb4_0900_ai_ci NOT NULL COMMENT '사업자등록번호',
  `BIZNAME` varchar(100) CHARACTER SET utf8mb4 COLLATE utf8mb4_0900_ai_ci NOT NULL COMMENT '상호명',
  `OWNERNAME` varchar(100) CHARACTER SET utf8mb4 COLLATE utf8mb4_0900_ai_ci NOT NULL COMMENT '대표자명',
  `EMAIL` varchar(100) CHARACTER SET utf8mb4 COLLATE utf8mb4_0900_ai_ci NOT NULL COMMENT '이메일',
  `PHONE` varchar(20) CHARACTER SET utf8mb4 COLLATE utf8mb4_0900_ai_ci NOT NULL COMMENT '연락처',
  `NEWADDR` varchar(100) CHARACTER SET utf8mb4 COLLATE utf8mb4_0900_ai_ci DEFAULT NULL COMMENT '영업점 신주소',
  `OLDADDR` varchar(100) CHARACTER SET utf8mb4 COLLATE utf8mb4_0900_ai_ci DEFAULT NULL COMMENT '영업점 구주소',
  `DETAIL` varchar(100) CHARACTER SET utf8mb4 COLLATE utf8mb4_0900_ai_ci DEFAULT NULL COMMENT '상세주소',
  `LATITUDE` varchar(50) CHARACTER SET utf8mb4 COLLATE utf8mb4_0900_ai_ci DEFAULT '0' COMMENT '위도',
  `LONGITUDE` varchar(50) CHARACTER SET utf8mb4 COLLATE utf8mb4_0900_ai_ci DEFAULT '' COMMENT '경도',
  `CDATE` datetime NOT NULL COMMENT '가입일자',
  `UDATE` datetime NOT NULL COMMENT '수정일자',
  `BANK` varchar(100) CHARACTER SET utf8mb4 COLLATE utf8mb4_0900_ai_ci DEFAULT NULL COMMENT '입금은행사',
  `ACCOUNTNUMBER` varchar(50) CHARACTER SET utf8mb4 COLLATE utf8mb4_0900_ai_ci DEFAULT NULL COMMENT '입금계좌번호',
  `BIZCATEGORY` varchar(50) CHARACTER SET utf8mb4 COLLATE utf8mb4_0900_ai_ci DEFAULT NULL COMMENT '판매제품 메인 카테고리',
  `BIZSUBCATEGORY` varchar(50) CHARACTER SET utf8mb4 COLLATE utf8mb4_0900_ai_ci DEFAULT NULL COMMENT '판매제품 서브 카테고리',
  `OPENTIME` varchar(50) CHARACTER SET utf8mb4 COLLATE utf8mb4_0900_ai_ci DEFAULT NULL COMMENT '영업시작시간',
  `CLOSETIME` varchar(50) CHARACTER SET utf8mb4 COLLATE utf8mb4_0900_ai_ci DEFAULT NULL COMMENT '영업마감시간',
  `OPENYN` char(1) CHARACTER SET utf8mb4 COLLATE utf8mb4_0900_ai_ci NOT NULL COMMENT '매장운영여부',
  `RANGE` varchar(50) DEFAULT NULL COMMENT '배달거리(m)',
  `TAKEOUT` varchar(50) DEFAULT NULL COMMENT '1.배달만 2.포장만 3.배달포장',
  PRIMARY KEY (`BIZID`)
) ENGINE=InnoDB DEFAULT CHARSET=utf8mb4 COLLATE=utf8mb4_0900_ai_ci;

-- 테이블 데이터 spring-project.FOOD114_BIZ_INFO:~28 rows (대략적) 내보내기
INSERT INTO `FOOD114_BIZ_INFO` (`BIZID`, `PWD`, `BIZNO`, `BIZNAME`, `OWNERNAME`, `EMAIL`, `PHONE`, `NEWADDR`, `OLDADDR`, `DETAIL`, `LATITUDE`, `LONGITUDE`, `CDATE`, `UDATE`, `BANK`, `ACCOUNTNUMBER`, `BIZCATEGORY`, `BIZSUBCATEGORY`, `OPENTIME`, `CLOSETIME`, `OPENYN`, `RANGE`, `TAKEOUT`) VALUES
	('bin', '1234qwer@@', '1231231231', '미친닭발', '박경빈', 'pk1030@hanmail.net', '01076751502', '인천 부평구 부평문화로 47', '인천 부평구 부평동 542-42', '1층 닭발', '37.4941372513679', '126.721454845328', '2024-03-20 12:18:34', '2024-03-20 16:50:53', 'kb', '64710201173285', '16', '1', '1400', '0500', 'Y', '2000', '3'),
	('biz01', '1234qwer@@', '6018702350', '빽다방', '백종원', 'paikdabang@paikdabang.com', '01012312312', '인천 부평구 부평대로20번길 18-1', '인천 부평구 부평동 201-109', '1층 빽다방', '37.4931159597725', '126.72425722774', '2024-03-06 16:13:11', '2024-03-20 16:35:23', 'nh', '351234567821234', '13', '1', '0920', '1820', 'Y', '2000', '3'),
	('biz03', '1234qwer@@', '6018702350', '장충동왕족발보쌈(본점)', '허은', 'gjdmss0522@kidaefnb.com', '01022222222', '인천 부평구 경원대로1403번길 19', '인천 부평구 부평동 153-11', '1층 족발', '37.492375546372', '126.72519906071', '2024-03-05 10:44:32', '2024-03-20 19:09:19', 'kb', '123123123123', '1', '1', '1100', '2200', 'Y', '2000', '3'),
	('biz10', '1234qwer@@', '1231231231', '파리바게트', '파리지엥', '1234@@@naver.com', '01076751502', '인천 부평구 경원대로 1440', '인천 부평구 부평동 179-26', '1층 파리바게트', '37.490848296493', '126.728804979386', '2024-03-21 10:36:08', '2024-03-21 10:40:04', 'ibk', '111122223333', '15', '1', '0830', '2130', 'Y', '2000', '3'),
	('hello1', '1234qwer@@', '1231231231', '투썸플레이스', '김투썸', 'hello1@naver.com', '01063785529', '인천 부평구 시장로30번길 3', '인천 부평구 부평동 152-11', '1층 투썸플레이스', '37.4934462765593', '126.725925856842', '2024-03-19 12:13:29', '2024-03-20 19:49:00', 'kb', '1231231231', '13', '1', '0830', '2230', 'Y', '2000', '3'),
	('hi123', '1234qwer@@', '1231231231', '메가커피 부평점', '이동재', 'hi12345@naver.com', '01063824246', '인천 부평구 시장로 17', '인천 부평구 부평동 193-21', '1층 메가커피', '37.4927028819193', '126.724618900659', '2024-03-05 19:11:56', '2024-03-21 17:24:53', 'ibk', '1231231234', '13', '1', '0700', '1600', 'Y', '2000', '3'),
	('hi1234', '1234qwer@@', '1231231231', '배달되지 삼겹살', '박겹살', 'dasdasdas@zzz.com', '01012312331', '인천 부평구 주부토로 112', '인천 부평구 부평동 890-3', '배달되지 삼겹살', '37.5049804121039', '126.725782927949', '2024-03-14 16:15:54', '2024-03-20 19:59:00', 'kb', '123123123', '3', '1', '1430', '0200', 'Y', '2000', '3'),
	('hong123', '1234qwer@@', '1231231231', '동대문 엽기떡볶이', '동대문', 'hi1234@nate.com', '01022222222', '인천 부평구 대정로 66', '인천 부평구 부평동 152-1', '1층 동대문 엽기떡볶이', '37.4935727158642', '126.726677034859', '2024-03-06 16:10:31', '2024-03-20 17:15:36', 'kb', '1111', '12', '1', '1130', '2200', 'Y', '2000', '3'),
	('hong1234', '1234qwer@@', '1231231231', '오!아저씨철판', '오철판', 'honghong@hong.co.kr', '01012345678', '인천 부평구 광장로 16', '인천 부평구 부평동 738-21', '오!아저씨철판', '37.4895676659869', '126.72335064425', '2024-03-05 16:44:33', '2024-03-20 20:48:07', 'kb', '5555', '6', '1', '1000', '2000', 'Y', '2000', '3'),
	('hong12345', '1234qwer@@', '1231231231', '포베이', '뽀꿀룸', 'honghong12@daum.net', '01012345678', '인천 부평구 경원대로 1419', '인천 부평구 부평동 160-23', '포베이', '37.4914288535564', '126.726749752858', '2024-03-05 16:53:14', '2024-03-20 16:47:00', 'kb', '5555', '8', '1', '1000', '2200', 'Y', '2000', '3'),
	('mom123', '1234qwer@@', '6018702350', '마미치킨', '김마미', 'dwqdqw@naver.com', '01011111111', '인천 부평구 경원대로 1400', '인천 부평구 부평동 185-23', '마미치킨', '37.491113233263', '126.724461681386', '2024-03-14 16:20:11', '2024-03-20 20:07:20', 'kb', '1232', '9', '1', '1430', '0130', 'Y', '2000', '3'),
	('red123', '1234qwer@@', '1231231231', '유가네 닭갈비', '김갈비', 'red@naver.com', '01012345678', '인천 부평구 부평문화로80번길 36', '인천 부평구 부평동 201-111', '유가네 닭갈비 1층', '37.492938974739', '126.724090974339', '2024-03-14 16:12:46', '2024-03-20 19:40:10', 'kb', '1234555', '3', '1', '1120', '2230', 'Y', '2000', '3'),
	('test1', '1234qwer@@', '1231231231', '긴자료코', '김긴자', '1234@naver.com', '01012341234', '인천 동구 방축로 151', '인천 동구 송림동 296-28', '3층 긴자료코', '37.4816821873556', '126.662046639171', '2024-03-14 17:36:59', '2024-03-21 10:19:13', 'kb', '111', '2', '1', '1330', '2330', 'Y', '2000', '3'),
	('test10', '1234qwer@@', '1231231231', '민영활어공장', '김민영', 'weqewq11@naver.com', '01012312312', '인천 부평구 대정로 47', '인천 부평구 부평동 229-14', '1층', '37.4952286301222', '126.725959035359', '2024-03-14 17:55:55', '2024-03-20 18:56:02', 'sh', '110123456123', '2', '1', '0900', '2030', 'Y', '2000', '3'),
	('test11', '1234qwer@@', '1231231231', '맥도날드', 'RaymondAlbertKroc', 'weqewq1111@naver.com', '01012345678', '인천 부평구 광장로 16', '인천 부평구 부평동 738-21', '1층', '37.4895676659869', '126.72335064425', '2024-03-14 17:57:04', '2024-03-20 16:50:11', 'hn', '111', '11', '1', '0000', '0000', 'Y', '2000', '3'),
	('test12', '1234qwer@@', '1231231231', 'CU', '김안녕', 'weqewq111111@naver.com', '01036192054', '인천 부평구 장제로 153', '인천 부평구 부평동 378-1', '1층', '37.4992408006335', '126.730186536043', '2024-03-14 17:58:23', '2024-03-21 10:14:00', 'wr', '111', '14', '1', '0000', '0000', 'Y', '2000', '2'),
	('test1234', '1234qwer@@', '1231231231', 'bhc 치킨', '유재석', 'zzzz@naver.com', '110123123123', '인천 부평구 시장로20번길 16', '인천 부평구 부평동 155-6', 'bhc 치킨', '37.4923979402397', '126.725801796518', '2024-03-05 10:40:57', '2024-03-20 16:49:06', 'kb', '111111111111', '9', '1', '1330', '2330', 'Y', '2000', '3'),
	('test13', '1234qwer@@', '1231231231', '도미노피자', '김경양', 'weqewq11111113@naver.com', '01036192054', '인천 부평구 마장로 168', '인천 부평구 산곡동 369-164', '1층', '37.4933251794094', '126.704255803296', '2024-03-14 18:00:04', '2024-03-20 17:03:44', 'ibk', '111', '4', '1', '1230', '2200', 'Y', '2000', '3'),
	('test14', '1234qwer@@', '1231231231', '미로곱창', '김미로', 'weqewqqwq@naver.com', '01036192054', '인천 동구 방축로157번길 41', '인천 동구 송림동 296-14', '1층', '37.4827482200594', '126.663327930465', '2024-03-14 18:01:23', '2024-03-20 20:18:18', 'hn', '111', '3', '1', '1330', '2330', 'Y', '2000', '3'),
	('test15', '1234qwer@@', '1231231231', '역전우동', '김역전', 'weqewqqwq111@naver.com', '01036192054', '인천 동구 방축로157번길 45', '인천 동구 송림동 296-13', '1층', '37.4829904250432', '126.663617869043', '2024-03-14 18:02:08', '2024-03-20 20:26:12', 'hn', '111', '10', '1', '1330', '2330', 'Y', '2000', '3'),
	('test2', '1234qwer@@', '1231231231', '춘천닭갈비', '김춘천', 'qwer@naver.com', '01012341234', '인천 동구 방축로 193', '인천 동구 송림동 297-20', '춘천닭갈비', '37.479894902368', '126.666563360786', '2024-03-14 17:38:43', '2024-03-21 09:51:16', 'kb', '1111', '3', '1', '1330', '2330', 'Y', '2000', '3'),
	('test3', '1234qwer@@', '1231231231', '신포닭강정', '김신포', 'qwert@naver.com', '01022222222', '인천 동구 방축로 217', '인천 동구 송림동 318-1', '신포닭강정', '37.4788152819121', '126.66866446432', '2024-03-14 17:39:57', '2024-03-20 20:07:20', 'kb', '11', '9', '1', '1330', '2330', 'Y', '2000', '3'),
	('test4', '1234qwer@@', '6018702350', '짬뽕타임', '김고추', 'gggg@naver.com', '01012341234', '인천 부평구 경원대로 1411', '인천 부평구 부평동 159-4', '짬뽕타임', '37.4915364822637', '126.725915082194', '2024-03-14 17:41:01', '2024-03-20 21:07:37', 'sh', '111', '7', '1', '1330', '2330', 'Y', '2000', '3'),
	('test5', '1234qwer@@', '1231231231', '항아리삼겹살', '김항아리', 'eqweqw@naver.com', '01021356666', '인천 동구 방축로 249', '인천 동구 송림동 319', '항아리삼겹살', '37.4771863609605', '126.671506616921', '2024-03-14 17:43:32', '2024-03-21 09:49:35', 'sh', '11', '3', '1', '1330', '2330', 'Y', '2000', '3'),
	('test6', '1234qwer@@', '1231231231', '김밥천국', '김김밥', 'tttt@naver.com', '01076751502', '인천 동구 방축로83번길 23', '인천 동구 송림동 294', '1층', '37.4848277154699', '126.654796006471', '2024-03-14 17:45:03', '2024-03-20 18:01:37', 'hn', '1234', '12', '1', '0600', '2300', 'Y', '2000', '3'),
	('test7', '1234qwer@@', '1231231231', '스타벅스', '김스타', 'ewqeqw@naver.com', '01012341234', '인천 동구 방축로157번길 8', '인천 동구 송림동 297-34', '스벅', '37.4813519702904', '126.662835483215', '2024-03-14 17:45:54', '2024-03-20 19:57:35', 'wr', '12321312', '13', '1', '1330', '2330', 'Y', '2000', '3'),
	('test8', '1234qwer@@', '1231231231', '부평포차', '김부평', 'dwqdqwqdw@naver.com', '01012341234', '인천 동구 방축로157번길 12', '인천 동구 송림동 297-14', '부평포차', '37.4813801638804', '126.662959045308', '2024-03-14 17:46:57', '2024-03-20 19:53:49', 'wr', '123123', '16', '1', '1330', '2330', 'Y', '2000', '3'),
	('test9', '1234qwer@@', '1231231231', '솥뚜껑삼겹살', '김뚜껑', 'weqewq@naver.com', '01012341234', '인천 동구 방축로157번길 17', '인천 동구 송림동 296-29', '1층', '37.4821105899881', '126.662984142966', '2024-03-14 17:54:35', '2024-03-20 19:46:40', 'kb', '111', '3', '1', '1330', '2330', 'Y', '2000', '3');

-- 테이블 spring-project.FOOD114_BIZ_MENU_FILE 구조 내보내기
CREATE TABLE IF NOT EXISTS `FOOD114_BIZ_MENU_FILE` (
  `MENUFILENO` int NOT NULL AUTO_INCREMENT COMMENT '메뉴 사진 고유번호',
  `MENUNO` int NOT NULL COMMENT '메뉴 고유번호',
  `FILEPATH` varchar(255) CHARACTER SET utf8mb4 COLLATE utf8mb4_0900_ai_ci DEFAULT NULL COMMENT '파일 주소',
  `FILENAME` varchar(100) CHARACTER SET utf8mb4 COLLATE utf8mb4_0900_ai_ci DEFAULT NULL COMMENT '저장파일명',
  `FILEORGNAME` varchar(100) CHARACTER SET utf8mb4 COLLATE utf8mb4_0900_ai_ci DEFAULT NULL COMMENT '원본파일명',
  `FILESIZE` int DEFAULT NULL COMMENT '파일크기',
  `FILEETC` varchar(50) CHARACTER SET utf8mb4 COLLATE utf8mb4_0900_ai_ci DEFAULT NULL COMMENT '확장자',
  PRIMARY KEY (`MENUFILENO`) USING BTREE
) ENGINE=InnoDB DEFAULT CHARSET=utf8mb4 COLLATE=utf8mb4_0900_ai_ci ROW_FORMAT=DYNAMIC;

-- 테이블 데이터 spring-project.FOOD114_BIZ_MENU_FILE:~0 rows (대략적) 내보내기

-- 테이블 spring-project.FOOD114_BOARD 구조 내보내기
CREATE TABLE IF NOT EXISTS `FOOD114_BOARD` (
  `BOARDNO` int NOT NULL AUTO_INCREMENT COMMENT '게시글 고유번호',
  `TITLE` varchar(255) CHARACTER SET utf8mb4 COLLATE utf8mb4_0900_ai_ci NOT NULL COMMENT '게시글 제목',
  `CONTENTS` varchar(5000) CHARACTER SET utf8mb4 COLLATE utf8mb4_0900_ai_ci NOT NULL DEFAULT '' COMMENT '게시글 내용',
  `BEGINTIME` datetime DEFAULT NULL COMMENT '이벤트 시작일시',
  `ENDTIME` datetime DEFAULT NULL COMMENT '이벤트 종료일시',
  `SETBEGINTIME` varchar(50) DEFAULT NULL COMMENT '이벤트 시작시간 설정',
  `SETENDTIME` varchar(50) DEFAULT NULL COMMENT '이벤트 종료시간 설정',
  `USERID` varchar(50) CHARACTER SET utf8mb4 COLLATE utf8mb4_0900_ai_ci NOT NULL COMMENT '작성자',
  `HIT` int DEFAULT NULL COMMENT '조회수',
  `RECOMMEND` int DEFAULT NULL COMMENT '추천수',
  `TYPE` varchar(50) CHARACTER SET utf8mb4 COLLATE utf8mb4_0900_ai_ci DEFAULT NULL COMMENT 'SHORT 단기, REGULAR 정기',
  `ENDYN` char(1) CHARACTER SET utf8mb4 COLLATE utf8mb4_0900_ai_ci NOT NULL COMMENT '종료여부 YN',
  `CDATETIME` datetime NOT NULL COMMENT '작성일자',
  `UDATETIME` datetime NOT NULL COMMENT '수정일자',
  `PBOARDNO` int DEFAULT NULL COMMENT '상위 게시글 고유번호',
  `CODE` varchar(10) CHARACTER SET utf8mb4 COLLATE utf8mb4_0900_ai_ci NOT NULL COMMENT '게시물 코드(코드테이블참조)',
  PRIMARY KEY (`BOARDNO`)
) ENGINE=InnoDB AUTO_INCREMENT=35 DEFAULT CHARSET=utf8mb4 COLLATE=utf8mb4_0900_ai_ci;

-- 테이블 데이터 spring-project.FOOD114_BOARD:~23 rows (대략적) 내보내기
INSERT INTO `FOOD114_BOARD` (`BOARDNO`, `TITLE`, `CONTENTS`, `BEGINTIME`, `ENDTIME`, `SETBEGINTIME`, `SETENDTIME`, `USERID`, `HIT`, `RECOMMEND`, `TYPE`, `ENDYN`, `CDATETIME`, `UDATETIME`, `PBOARDNO`, `CODE`) VALUES
	(1, 'Food114 오픈 기념', 'food114에서 진행하는 특별한 이벤트 한번 만나보세요!', '2024-03-06 11:16:52', NULL, NULL, NULL, 'ADMIN', 0, NULL, NULL, 'N', '2024-03-06 11:16:52', '2024-03-06 11:16:52', NULL, '1'),
	(2, 'Food114에만 있는 이벤트!', 'Food114에만 있는 우리동네 이벤트를 잘 활용해보면 어떨까요!?', '2024-03-06 11:19:01', NULL, NULL, NULL, 'ADMIN', 0, NULL, NULL, 'N', '2024-03-06 11:19:01', '2024-03-06 11:19:01', NULL, '1'),
	(3, '사장님들을 위한 좋은 팁!', '기존, 신규 사장님들을 위한 팁!\r\n광고, 배너 이런효과를 넣으면 매출이 평균 2배에서 5배정도\r\n늘어난다고 해요!', '2024-03-06 11:19:15', NULL, NULL, NULL, 'ADMIN', 0, NULL, NULL, 'N', '2024-03-06 11:19:15', '2024-03-06 11:19:15', NULL, '1'),
	(4, '1:1 문의시 주의!', '1:1 문의시 주의!\r\n상담사들에게 험악한말은 하지 말아주세요... 부탁합니다..\r\n또한 기입해주셔야할 것들을 넣어주셔야 빨리 문의가 가능해요!', '2024-03-06 13:09:22', NULL, NULL, NULL, 'ADMIN', 0, NULL, NULL, 'N', '2024-03-06 13:09:22', '2024-03-06 13:09:22', NULL, '1'),
	(5, '우리동네 이벤트를 잘 활용하는 팁!', '우리동네 이벤트 잘 활용하는 꿀팁\r\n이벤트 시간대와 할인율을 적절한 시간대에 넣어서 홍보효과를\r\n얻어보아요!', '2024-03-06 13:09:41', NULL, NULL, NULL, 'ADMIN', 0, NULL, NULL, 'N', '2024-03-06 13:09:41', '2024-03-06 13:09:41', NULL, '1'),
	(6, 'Food114에서 사장님들 위해 이벤트를 준비 했습니다!', '사장님들을 위한 특별한 이벤트\r\nFood114가 준비했는데요 바로 저희가 준비한 쿠폰입니다!', '2024-03-06 13:09:56', NULL, NULL, NULL, 'ADMIN', 0, NULL, NULL, 'N', '2024-03-06 13:09:56', '2024-03-06 13:09:56', NULL, '1'),
	(7, 'Food114 공지사항 점검', '4월 초에 공지사항을 점검할 예정입니다.\r\n불편을 끼쳐드려서 죄송합니다.', '2024-03-06 13:10:04', NULL, NULL, NULL, 'ADMIN', 0, NULL, NULL, 'N', '2024-03-06 13:10:04', '2024-03-06 13:10:04', NULL, '1'),
	(8, 'Food114 제보 문의!', '제보문의! 이게 뭐냐고요?\r\n바로 화면에서 혹시 오류가 있거나 하는게 있다면\r\n저희가 소정의 상품을 드리도록 하겠습니다!', '2024-03-06 13:10:12', NULL, NULL, NULL, 'ADMIN', 0, NULL, NULL, 'N', '2024-03-06 13:10:12', '2024-03-06 13:10:12', NULL, '1'),
	(9, '광고 배너 문의 시 선착순 이벤트!', '광고 배너 문의시 선착순으로 30명 30% 할인 이벤트! 많은 참여 부탁드려요!', '2024-03-06 13:10:20', NULL, NULL, NULL, 'ADMIN', 0, NULL, NULL, 'N', '2024-03-06 13:10:20', '2024-03-06 13:10:20', NULL, '1'),
	(10, '새로운 사장님들을 위한 이벤트!', '새로운 사장님들을 위해 이벤트를 준비했습니다.\r\n신규 사장님들을 위해 바로 쓸수 있는 쿠폰을 준비했어요!', '2024-03-06 13:10:29', NULL, NULL, NULL, 'ADMIN', 0, NULL, NULL, 'N', '2024-03-06 13:10:29', '2024-03-06 13:10:29', NULL, '1'),
	(11, 'Food114 고객페이지 점검 안내', '4월 중순에 고객페이지를  점검할 예정입니다.\r\n불편을 끼쳐드려서 죄송합니다.', '2024-03-06 13:10:40', NULL, NULL, NULL, 'ADMIN', 0, NULL, NULL, 'N', '2024-03-06 13:10:40', '2024-03-06 13:10:40', NULL, '1'),
	(12, 'Food114 고객센터 이용 팁!', '고객센터 이용 꿀팁이 있습니다.\r\n그건 바로 기입 내용을 차분히 다 넣어주시면 빠른시일내에\r\n처리가 가능합니다!', '2024-03-06 13:10:46', NULL, NULL, NULL, 'ADMIN', 0, NULL, NULL, 'N', '2024-03-06 13:10:46', '2024-03-06 13:10:46', NULL, '1'),
	(18, '신규 가입시 첫 배달 100원', '신규 가입을 하신 분들을 위해 첫배달 100원이라는 파격적인 이벤트를 준비했습니다!', '2024-03-06 16:35:02', '2024-04-01 00:00:00', NULL, NULL, 'ADMIN', 0, NULL, 'SHORT', 'N', '2024-03-06 16:35:02', '2024-03-06 16:35:02', NULL, '3'),
	(19, '치솟는 물가상승, 쓰러져가는 자영업자분들을 FOOD114가 응원합니다.', '신규, 기존 사업자, 자영업자분들 저희 Food114가 응원합니다.', '2024-03-06 16:35:08', '2024-04-01 00:00:00', NULL, NULL, 'ADMIN', 0, NULL, 'SHORT', 'N', '2024-03-06 16:35:08', '2024-03-06 16:35:08', NULL, '3'),
	(20, 'FOOD114와 함께하는 환경 보호 이벤트', 'food114와 함께하는 환경보호 이벤트 일회용품을 한번 줄여보아요!', '2024-03-06 16:35:10', '2024-04-13 00:00:00', NULL, NULL, 'ADMIN', 0, NULL, 'SHORT', 'N', '2024-03-06 16:35:10', '2024-03-06 16:35:10', NULL, '3'),
	(22, '가을맞이 바베큐 이벤트', '이 이벤트는 종료 되었습니다. 감사합니다.', '2024-03-06 16:35:16', '2024-03-06 00:00:00', NULL, NULL, 'ADMIN', 0, NULL, 'SHORT', 'Y', '2024-03-06 16:35:16', '2024-03-06 16:35:16', NULL, '3'),
	(23, '손흥민과 함께 커피한잔!', '방문손님만 20시부터 30% 할인!', '2024-02-25 00:00:00', '2024-05-25 00:00:00', '0930', '2210', 'hi123', 0, NULL, 'SHORT', 'N', '2024-03-11 09:53:32', '2024-03-11 09:53:32', NULL, '4'),
	(24, '오아저씨와 함께!', '철판 종류 메뉴 할인!', '2024-03-11 00:00:00', '2024-03-23 00:00:00', '1920', '2100', 'hong1234', 0, NULL, 'SHORT', 'N', '2024-03-11 09:54:01', '2024-03-11 09:54:01', NULL, '4'),
	(25, '말왕 콜라보 이벤트!', '말왕과 함께하는 장충동왕족발보쌈\n장충동왕족발 할인!', '2024-03-11 00:00:00', '2024-03-25 00:00:00', '2200', '0500', 'biz03', 0, NULL, 'SHORT', 'N', '2024-03-11 09:54:19', '2024-03-11 09:54:19', NULL, '4'),
	(31, '민영활어공장에서 진행하는 이벤트!', '20시 이후 일부품목 15% 할인~!', '2024-02-03 00:00:00', '2024-03-25 00:00:00', '2000', '2230', 'test10', 0, NULL, 'SHORT', 'N', '2024-03-20 16:21:50', '2024-03-20 16:21:50', NULL, '4'),
	(32, 'food114와 함께 진행하는 우리동네 이벤트!', '점심타임을 놓친분들을 위해\n준비한 이벤트!', '2024-03-20 00:00:00', '2024-03-31 00:00:00', '1430', '1800', 'test11', 0, NULL, 'SHORT', 'N', '2024-03-20 17:35:02', '2024-03-20 17:35:02', NULL, '4'),
	(33, '21시 이후 파격세일!', '21시 이후 일부품목 30% 할인!', '2024-02-15 00:00:00', '2024-04-15 00:00:00', '2100', '2300', 'test6', 0, NULL, 'SHORT', 'N', '2024-03-20 19:01:14', '2024-03-20 19:01:14', NULL, '4'),
	(34, 'CU와 함께 하는 이벤트!', 'Food114와 CU 콜라보!\n퇴근시간때 출출하시죠!\n삼각김밥에 컵라면 하나면 뚝딱!', '2024-03-21 00:00:00', '2024-03-31 00:00:00', '1730', '1900', 'test12', 0, NULL, 'SHORT', 'N', '2024-03-21 10:19:39', '2024-03-21 10:19:39', NULL, '4');

-- 테이블 spring-project.FOOD114_BOARD_FILE 구조 내보내기
CREATE TABLE IF NOT EXISTS `FOOD114_BOARD_FILE` (
  `BOARDFILENO` int NOT NULL AUTO_INCREMENT COMMENT '게시물 파일 고유번호',
  `BOARDNO` int NOT NULL COMMENT '게시물 고유번호',
  `FILEPATH` varchar(255) CHARACTER SET utf8mb4 COLLATE utf8mb4_0900_ai_ci DEFAULT NULL COMMENT '파일주소',
  `FILENAME` varchar(100) CHARACTER SET utf8mb4 COLLATE utf8mb4_0900_ai_ci DEFAULT NULL COMMENT '파일명',
  `FILEORGNAME` varchar(100) CHARACTER SET utf8mb4 COLLATE utf8mb4_0900_ai_ci DEFAULT NULL COMMENT '원본파일명',
  `FILESIZE` int DEFAULT NULL COMMENT '파일크기',
  `FILEETC` varchar(50) CHARACTER SET utf8mb4 COLLATE utf8mb4_0900_ai_ci DEFAULT NULL COMMENT '확장자',
  `USAGE` varchar(50) CHARACTER SET utf8mb4 COLLATE utf8mb4_0900_ai_ci DEFAULT NULL COMMENT '썸네일(1),내용(2)',
  `ORDER` int DEFAULT NULL,
  PRIMARY KEY (`BOARDFILENO`)
) ENGINE=InnoDB AUTO_INCREMENT=10 DEFAULT CHARSET=utf8mb4 COLLATE=utf8mb4_0900_ai_ci;

-- 테이블 데이터 spring-project.FOOD114_BOARD_FILE:~8 rows (대략적) 내보내기
INSERT INTO `FOOD114_BOARD_FILE` (`BOARDFILENO`, `BOARDNO`, `FILEPATH`, `FILENAME`, `FILEORGNAME`, `FILESIZE`, `FILEETC`, `USAGE`, `ORDER`) VALUES
	(1, 18, '../img/', 'event1.png', 'main_event1.jpg', 10, '.jpg', 'TITLE', NULL),
	(2, 19, '../img/', 'event2.png', 'main_event2.jpg', 10, '.jpg', 'TITLE', NULL),
	(3, 20, '../img/', 'event3.png', 'main_event3.jpg', 10, '.jpg', 'TITLE', NULL),
	(4, 21, '../boardFile/', 'main_event4.jpg', 'main_event4.jpg', 10, '.jpg', 'TITLE', NULL),
	(5, 22, '../boardFile/', 'main_event5.jpg', 'main_event5.jpg', 10, '.jpg', 'TITLE', NULL),
	(7, 23, '../boardFile/', '202421511812473.JPG', 'pizza.JPG', 14495, '.JPG', 'TITLE', NULL),
	(8, 24, '../boardFile/', '202421511920713.JPG', 'pizza.JPG', 14495, '.JPG', 'TITLE', NULL),
	(9, 25, '../boardFile/', '20242151232915.jpg', 'file1.jpg', 80967, '.jpg', 'TITLE', NULL);

-- 테이블 spring-project.FOOD114_CATEGORY 구조 내보내기
CREATE TABLE IF NOT EXISTS `FOOD114_CATEGORY` (
  `CATEGORYNO` int NOT NULL AUTO_INCREMENT COMMENT '카테고리 번호',
  `CATEGORYNAME` varchar(100) CHARACTER SET utf8mb4 COLLATE utf8mb4_0900_ai_ci NOT NULL COMMENT '카테고리 이름',
  `PCATEGORYNO` int DEFAULT NULL COMMENT '상위 카테고리 번호',
  `FILEPATH` varchar(255) CHARACTER SET utf8mb4 COLLATE utf8mb4_0900_ai_ci DEFAULT NULL COMMENT '로고 파일 주소',
  `FILENAME` varchar(100) CHARACTER SET utf8mb4 COLLATE utf8mb4_0900_ai_ci DEFAULT NULL COMMENT '로고 파일명',
  PRIMARY KEY (`CATEGORYNO`)
) ENGINE=InnoDB AUTO_INCREMENT=18 DEFAULT CHARSET=utf8mb4 COLLATE=utf8mb4_0900_ai_ci;

-- 테이블 데이터 spring-project.FOOD114_CATEGORY:~17 rows (대략적) 내보내기
INSERT INTO `FOOD114_CATEGORY` (`CATEGORYNO`, `CATEGORYNAME`, `PCATEGORYNO`, `FILEPATH`, `FILENAME`) VALUES
	(1, '족발·보쌈', NULL, NULL, NULL),
	(2, '돈까스·회·일식', NULL, NULL, NULL),
	(3, '고기·구이', NULL, NULL, NULL),
	(4, '피자', NULL, NULL, NULL),
	(5, '찜·탕·찌개', NULL, NULL, NULL),
	(6, '양식', NULL, NULL, NULL),
	(7, '중식', NULL, NULL, NULL),
	(8, '아시안', NULL, NULL, NULL),
	(9, '치킨', NULL, NULL, NULL),
	(10, '백반·죽·국수', NULL, NULL, NULL),
	(11, '버거', NULL, NULL, NULL),
	(12, '분식', NULL, NULL, NULL),
	(13, '카페·디저트', NULL, NULL, NULL),
	(14, '편의점', NULL, NULL, NULL),
	(15, '베이커리', NULL, NULL, NULL),
	(16, '야식', NULL, NULL, NULL),
	(17, '한식', NULL, NULL, NULL);

-- 테이블 spring-project.FOOD114_CODE 구조 내보내기
CREATE TABLE IF NOT EXISTS `FOOD114_CODE` (
  `KIND` varchar(50) CHARACTER SET utf8mb4 COLLATE utf8mb4_0900_ai_ci NOT NULL COMMENT '종류',
  `NAME` varchar(100) CHARACTER SET utf8mb4 COLLATE utf8mb4_0900_ai_ci NOT NULL COMMENT '이름',
  `VALUE` varchar(50) CHARACTER SET utf8mb4 COLLATE utf8mb4_0900_ai_ci NOT NULL COMMENT '값'
) ENGINE=InnoDB DEFAULT CHARSET=utf8mb4 COLLATE=utf8mb4_0900_ai_ci;

-- 테이블 데이터 spring-project.FOOD114_CODE:~15 rows (대략적) 내보내기
INSERT INTO `FOOD114_CODE` (`KIND`, `NAME`, `VALUE`) VALUES
	('email', '네이버', 'naver.com'),
	('email', '다음', 'hanmail.net'),
	('email', '구글', 'gmail.com'),
	('email', '네이트', 'nate.com'),
	('bank', '국민은행', 'kb'),
	('bank', '신한은행', 'sh'),
	('bank', '우리은행', 'wr'),
	('bank', '하나은행', 'hn'),
	('bank', '농협은행', 'nh'),
	('bank', '기업은행', 'ibk'),
	('bank', '새마을금고', 'sk'),
	('board', '문의사항', '2'),
	('board', '공지사항', '1'),
	('board', '이벤트', '3'),
	('board', '이벤트(biz)', '4');

-- 테이블 spring-project.FOOD114_CONSUMER 구조 내보내기
CREATE TABLE IF NOT EXISTS `FOOD114_CONSUMER` (
  `USERID` varchar(50) CHARACTER SET utf8mb4 COLLATE utf8mb4_0900_ai_ci NOT NULL COMMENT '아이디',
  `PWD` varchar(100) CHARACTER SET utf8mb4 COLLATE utf8mb4_0900_ai_ci NOT NULL COMMENT '비밀번호',
  `NAME` varchar(100) CHARACTER SET utf8mb4 COLLATE utf8mb4_0900_ai_ci NOT NULL COMMENT '이름',
  `NICKNAME` varchar(50) CHARACTER SET utf8mb4 COLLATE utf8mb4_0900_ai_ci DEFAULT NULL COMMENT '닉네임',
  `GENDER` varchar(50) CHARACTER SET utf8mb4 COLLATE utf8mb4_0900_ai_ci DEFAULT NULL COMMENT '성별',
  `BIRTH` varchar(50) CHARACTER SET utf8mb4 COLLATE utf8mb4_0900_ai_ci DEFAULT NULL COMMENT '생일',
  `PHONE` varchar(20) CHARACTER SET utf8mb4 COLLATE utf8mb4_0900_ai_ci NOT NULL COMMENT '연락처',
  `EMAIL` varchar(100) CHARACTER SET utf8mb4 COLLATE utf8mb4_0900_ai_ci DEFAULT NULL COMMENT '이메일',
  `GRADE` varchar(10) CHARACTER SET utf8mb4 COLLATE utf8mb4_0900_ai_ci NOT NULL DEFAULT '1' COMMENT '등급',
  `CDATE` datetime NOT NULL COMMENT '생성일자',
  `UDATE` datetime NOT NULL COMMENT '수정일자',
  `ADULT` varchar(50) CHARACTER SET utf8mb4 COLLATE utf8mb4_0900_ai_ci NOT NULL DEFAULT 'N' COMMENT '성인인증여부',
  `USEYN` varchar(50) CHARACTER SET utf8mb4 COLLATE utf8mb4_0900_ai_ci NOT NULL DEFAULT 'Y' COMMENT '아이디잠금여부',
  `LEAVETIME` datetime DEFAULT NULL COMMENT '탈퇴일자',
  PRIMARY KEY (`USERID`)
) ENGINE=InnoDB DEFAULT CHARSET=utf8mb4 COLLATE=utf8mb4_0900_ai_ci;

-- 테이블 데이터 spring-project.FOOD114_CONSUMER:~11 rows (대략적) 내보내기
INSERT INTO `FOOD114_CONSUMER` (`USERID`, `PWD`, `NAME`, `NICKNAME`, `GENDER`, `BIRTH`, `PHONE`, `EMAIL`, `GRADE`, `CDATE`, `UDATE`, `ADULT`, `USEYN`, `LEAVETIME`) VALUES
	('', '', '', '', 'M', '0101', '', '@naver.com', '1', '2024-03-06 11:38:58', '2024-03-06 11:38:58', 'N', 'Y', NULL),
	('asd', 'asd', 'asd', 'asd555', 'M', '0101', '01022223333', 'test@asd.com', '1', '2024-03-05 17:48:24', '2024-03-05 17:48:24', 'N', 'Y', NULL),
	('asdasd', 'asdasd', 'asdasdasd', 'asdasdasd', 'F', '0120', '01063824246', 'asdasdasd@naver.com', '1', '2024-03-05 18:21:59', '2024-03-05 18:21:59', 'N', 'Y', NULL),
	('asdasdasdasd', '', '', '', 'M', '0101', '', '@naver.com', '1', '2024-03-06 11:40:12', '2024-03-06 11:40:12', 'N', 'Y', NULL),
	('asde', 'asd', 'asd', 'asd', 'M', '0101', '01063824246', 'asd@asd', '1', '2024-03-05 17:51:13', '2024-03-05 17:51:13', 'N', 'Y', NULL),
	('been2', '1234qwer@@', '박경빈', '맛있으면삐용거림', 'M', '0221', '01076751502', 'gyeongbin1502@naver.com', '1', '2024-03-20 19:04:38', '2024-03-20 19:04:38', 'N', 'Y', NULL),
	('djl01', '1234qwer@@', '이동재', '이동재나라', 'M', '1007', '01063824246', 'djl01@naver.com', '1', '2024-03-14 18:50:45', '2024-03-14 18:50:45', 'N', 'Y', NULL),
	('djl012', '1234qwer@@', '이동재', '이동재입니다', 'M', '0218', '01040859199', 'qwe123@naver.com', '1', '2024-03-21 17:13:25', '2024-03-21 17:13:25', 'N', 'Y', NULL),
	('dongjae', '1234qwer@@', '이동재', '동재', 'M', '1007', '01063824246', 'djl01@naver.com', '1', '2024-03-21 10:53:52', '2024-03-21 10:53:52', 'N', 'Y', NULL),
	('psy216', 'qkrtjrrla216!', '박석김', '박석김', 'F', '0101', '01044551396', 'test@naver.com', '1', '2024-03-21 12:34:10', '2024-03-21 12:34:10', 'N', 'Y', NULL),
	('test123', '1234', 'test', 'test', 'M', '01\'01', '01063824246', 'test123@naver.com', '1', '2024-03-05 16:35:41', '2024-03-05 16:35:41', 'N', 'Y', NULL),
	('yeji', '1234', '김예지', '야옹', 'F', '1025', '01063824246', 'yeji123@naver.com', '1', '2024-03-06 16:36:36', '2024-03-06 16:36:36', 'Y', 'Y', NULL);

-- 테이블 spring-project.FOOD114_CONSUMER_ADDR 구조 내보내기
CREATE TABLE IF NOT EXISTS `FOOD114_CONSUMER_ADDR` (
  `ADDRNO` int NOT NULL AUTO_INCREMENT COMMENT '주소 고유번호',
  `USERID` varchar(50) CHARACTER SET utf8mb4 COLLATE utf8mb4_0900_ai_ci NOT NULL COMMENT '고객아이디',
  `ADDRAS` varchar(100) CHARACTER SET utf8mb4 COLLATE utf8mb4_0900_ai_ci NOT NULL COMMENT '주소별칭',
  `OLDADDR` varchar(100) CHARACTER SET utf8mb4 COLLATE utf8mb4_0900_ai_ci DEFAULT NULL COMMENT '구주소',
  `NEWADDR` varchar(100) CHARACTER SET utf8mb4 COLLATE utf8mb4_0900_ai_ci DEFAULT NULL COMMENT '신주소',
  `DETAIL` varchar(100) CHARACTER SET utf8mb4 COLLATE utf8mb4_0900_ai_ci DEFAULT NULL COMMENT '상세주소',
  `DEFAULTYN` varchar(50) CHARACTER SET utf8mb4 COLLATE utf8mb4_0900_ai_ci DEFAULT NULL COMMENT '기본주소지 설정 YN',
  `REQUEST` varchar(50) DEFAULT NULL COMMENT '가게 요청사항',
  `PHONE` varchar(50) CHARACTER SET utf8mb4 COLLATE utf8mb4_0900_ai_ci DEFAULT NULL COMMENT '연락처',
  PRIMARY KEY (`ADDRNO`),
  KEY `USERID` (`USERID`),
  CONSTRAINT `FOOD114_CONSUMER_ADDR_ibfk_1` FOREIGN KEY (`USERID`) REFERENCES `FOOD114_CONSUMER` (`USERID`)
) ENGINE=InnoDB AUTO_INCREMENT=54 DEFAULT CHARSET=utf8mb4 COLLATE=utf8mb4_0900_ai_ci;

-- 테이블 데이터 spring-project.FOOD114_CONSUMER_ADDR:~11 rows (대략적) 내보내기
INSERT INTO `FOOD114_CONSUMER_ADDR` (`ADDRNO`, `USERID`, `ADDRAS`, `OLDADDR`, `NEWADDR`, `DETAIL`, `DEFAULTYN`, `REQUEST`, `PHONE`) VALUES
	(1, 'yeji', '학원', '인천 부평구 부평동 534-48', '인천 부평구 경원대로 1366', '스테이션타워 7F', 'N', '맛없으면 환불합니다', '01055224477'),
	(2, 'yeji', '헤네시스', '인천 동구 송림동', '인천 동구 방축로', '마야의 집', 'N', '문 앞에 두고 노크해주세요.', '01033337777'),
	(41, 'asd', '우리집', '인천 부평구 부평동 274-21', '인천 부평구 경원대로 1286', '메디아나센터 1102호', 'N', '배송 전 연락 바랍니다.', '01064589632'),
	(43, 'asd', 'asa', '인천 부평구 부평동 534-92', '인천 부평구 경원대로 1346', '707호', 'N', '문 앞에 두고 가 주세요.', '01052419785'),
	(44, 'asd', '동생네', '인천 서구 가정동 517-22', '인천 서구 가경주로 19', '로뎀빌딩 1306호', 'N', '문 앞에 두세요', '01055668877'),
	(45, 'asd', '학원', '', '인천 부평구 경원대로 1262-1', '908호', 'Y', '배송 전 연락 주세요.', '01033442266'),
	(47, 'asd', 'asd', '인천 서구 청라동 137-6', '인천 서구 담지로 24', '청라국제도서관', 'N', '도착하면 전화 주세요', '01099874523'),
	(48, 'been2', '학원', '인천 부평구 부평동 534-48', '인천 부평구 경원대로 1366', '7층', 'Y', '도착시 전화주세요', '01076751502'),
	(49, 'yeji', '회사', '', '인천 부평구 경원대로 1262', '1층', 'Y', '', '01063824246'),
	(50, 'psy216', '아지트', '', '인천 부평구 경원대로 1294-2', '부평아트센터', 'Y', '배송 전 연락 주세요!', '0325678945'),
	(51, 'djl01', '회사', '', '인천 부평구 경원대로 1262', '1층', 'Y', '', '01063824246'),
	(52, 'djl01', '집', '인천 동구 송림동 294-14', '인천 동구 방축로 63', '3층', 'N', '문앞에 두고 노크해주세요', '01063824246'),
	(53, 'djl01', '학원', '', '인천 부평구 경원대로 1262', '1234', 'N', '배송요청', '01012345678');

-- 테이블 spring-project.FOOD114_CONSUMER_PAYMENT 구조 내보내기
CREATE TABLE IF NOT EXISTS `FOOD114_CONSUMER_PAYMENT` (
  `PAYID` int NOT NULL AUTO_INCREMENT COMMENT '결제정보 고유번호',
  `USERID` varchar(50) CHARACTER SET utf8mb4 COLLATE utf8mb4_0900_ai_ci NOT NULL COMMENT '사용자 아이디',
  `PAYINFO` varchar(100) CHARACTER SET utf8mb4 COLLATE utf8mb4_0900_ai_ci NOT NULL COMMENT '카드/계좌',
  `PAYTYPE` varchar(50) CHARACTER SET utf8mb4 COLLATE utf8mb4_0900_ai_ci NOT NULL COMMENT '카드사/은행사',
  `PAYNUMBER` varchar(50) NOT NULL COMMENT '카드번호/계좌번호',
  `PAYMAIN` varchar(50) CHARACTER SET utf8mb4 COLLATE utf8mb4_0900_ai_ci DEFAULT NULL COMMENT '주결제수단등록여부',
  PRIMARY KEY (`PAYID`),
  KEY `USERID` (`USERID`),
  CONSTRAINT `FOOD114_CONSUMER_PAYMENT_ibfk_1` FOREIGN KEY (`USERID`) REFERENCES `FOOD114_CONSUMER` (`USERID`)
) ENGINE=InnoDB DEFAULT CHARSET=utf8mb4 COLLATE=utf8mb4_0900_ai_ci;

-- 테이블 데이터 spring-project.FOOD114_CONSUMER_PAYMENT:~0 rows (대략적) 내보내기

-- 테이블 spring-project.FOOD114_COUPON 구조 내보내기
CREATE TABLE IF NOT EXISTS `FOOD114_COUPON` (
  `COUPONNO` int NOT NULL AUTO_INCREMENT COMMENT '쿠폰번호',
  `USERID` varchar(50) CHARACTER SET utf8mb4 COLLATE utf8mb4_0900_ai_ci NOT NULL COMMENT '사용자 아이디',
  `COUPONID` int NOT NULL COMMENT '쿠폰 상세정보 고유번호',
  `USEYN` char(1) CHARACTER SET utf8mb4 COLLATE utf8mb4_0900_ai_ci NOT NULL COMMENT '사용여부',
  `BEGINDATE` date NOT NULL COMMENT '쿠폰 사용기간(시작)',
  `ENDDATE` date NOT NULL COMMENT '쿠폰 사용기간(마감)',
  PRIMARY KEY (`COUPONNO`)
) ENGINE=InnoDB AUTO_INCREMENT=4 DEFAULT CHARSET=utf8mb4 COLLATE=utf8mb4_0900_ai_ci;

-- 테이블 데이터 spring-project.FOOD114_COUPON:~1 rows (대략적) 내보내기
INSERT INTO `FOOD114_COUPON` (`COUPONNO`, `USERID`, `COUPONID`, `USEYN`, `BEGINDATE`, `ENDDATE`) VALUES
	(1, 'yeji', 1, 'N', '2024-03-07', '2025-03-07'),
	(2, 'yeji', 3, 'N', '2024-03-07', '2025-03-14');

-- 테이블 spring-project.FOOD114_COUPON_DETAIL 구조 내보내기
CREATE TABLE IF NOT EXISTS `FOOD114_COUPON_DETAIL` (
  `COUPONID` int NOT NULL AUTO_INCREMENT COMMENT '쿠폰 상세정보 고유번호',
  `TITLE` varchar(100) CHARACTER SET utf8mb4 COLLATE utf8mb4_0900_ai_ci NOT NULL COMMENT '쿠폰 제목',
  `CONTENTS` text CHARACTER SET utf8mb4 COLLATE utf8mb4_0900_ai_ci NOT NULL COMMENT '쿠폰 내용',
  `SALEPERCENT` decimal(20,6) DEFAULT NULL COMMENT '퍼센트 할인권',
  `SALEAMOUNT` decimal(20,6) DEFAULT NULL COMMENT '금액 할인권',
  PRIMARY KEY (`COUPONID`)
) ENGINE=InnoDB AUTO_INCREMENT=4 DEFAULT CHARSET=utf8mb4 COLLATE=utf8mb4_0900_ai_ci;

-- 테이블 데이터 spring-project.FOOD114_COUPON_DETAIL:~2 rows (대략적) 내보내기
INSERT INTO `FOOD114_COUPON_DETAIL` (`COUPONID`, `TITLE`, `CONTENTS`, `SALEPERCENT`, `SALEAMOUNT`) VALUES
	(1, '첫 쿠폰', '가입기념 3% 할인', 0.030000, NULL),
	(3, '배달비 할인', '배달비 1000원 할인', NULL, 1000.000000);

-- 테이블 spring-project.FOOD114_DELIVERY 구조 내보내기
CREATE TABLE IF NOT EXISTS `FOOD114_DELIVERY` (
  `DELIVERYNO` int NOT NULL AUTO_INCREMENT COMMENT '배달 고유번호',
  `ORDERNO` int NOT NULL COMMENT '주문번호',
  `STATE` varchar(50) CHARACTER SET utf8mb4 COLLATE utf8mb4_0900_ai_ci NOT NULL COMMENT '배달상태',
  `DELIVERYDATE` datetime DEFAULT NULL COMMENT '배달시작시간',
  `DELIVERYENDDATE` datetime DEFAULT NULL COMMENT '배달마감시간',
  `DELIVERYCOMPANY` varchar(100) CHARACTER SET utf8mb4 COLLATE utf8mb4_0900_ai_ci NOT NULL COMMENT '배달대행사',
  PRIMARY KEY (`DELIVERYNO`) USING BTREE
) ENGINE=InnoDB DEFAULT CHARSET=utf8mb4 COLLATE=utf8mb4_0900_ai_ci;

-- 테이블 데이터 spring-project.FOOD114_DELIVERY:~0 rows (대략적) 내보내기

-- 테이블 spring-project.FOOD114_EVENT_MENU 구조 내보내기
CREATE TABLE IF NOT EXISTS `FOOD114_EVENT_MENU` (
  `EVENTNO` int NOT NULL COMMENT '이벤트 번호',
  `MENUNO` int NOT NULL COMMENT '메뉴 번호',
  `SALEPRICE` decimal(10,0) NOT NULL COMMENT '판매금액'
) ENGINE=InnoDB DEFAULT CHARSET=utf8mb4 COLLATE=utf8mb4_0900_ai_ci;

-- 테이블 데이터 spring-project.FOOD114_EVENT_MENU:~26 rows (대략적) 내보내기
INSERT INTO `FOOD114_EVENT_MENU` (`EVENTNO`, `MENUNO`, `SALEPRICE`) VALUES
	(23, 3, 3000),
	(23, 13, 4500),
	(23, 2, 2000),
	(31, 36, 20000),
	(31, 37, 25000),
	(31, 38, 40000),
	(32, 52, 5000),
	(32, 53, 5000),
	(32, 54, 8800),
	(32, 55, 6700),
	(32, 56, 5800),
	(33, 76, 2000),
	(33, 77, 2000),
	(33, 78, 3500),
	(25, 14, 25000),
	(24, 117, 7500),
	(24, 118, 8500),
	(24, 119, 8500),
	(24, 120, 10500),
	(34, 127, 950),
	(34, 128, 1000),
	(34, 130, 1000),
	(34, 131, 950),
	(34, 132, 900),
	(23, 4, 2000);

-- 테이블 spring-project.FOOD114_KEYWORD 구조 내보내기
CREATE TABLE IF NOT EXISTS `FOOD114_KEYWORD` (
  `KEYWORD` varchar(255) CHARACTER SET utf8mb4 COLLATE utf8mb4_0900_ai_ci NOT NULL COMMENT '검색 키워드',
  `SEARCHDATE` date NOT NULL COMMENT '검색 시간'
) ENGINE=InnoDB DEFAULT CHARSET=utf8mb4 COLLATE=utf8mb4_0900_ai_ci;

-- 테이블 데이터 spring-project.FOOD114_KEYWORD:~0 rows (대략적) 내보내기

-- 테이블 spring-project.FOOD114_MENU 구조 내보내기
CREATE TABLE IF NOT EXISTS `FOOD114_MENU` (
  `MENUNO` int NOT NULL AUTO_INCREMENT COMMENT '메뉴 고유번호',
  `BIZID` varchar(50) CHARACTER SET utf8mb4 COLLATE utf8mb4_0900_ai_ci NOT NULL COMMENT '사업자 아이디',
  `CATEGORYNO` varchar(50) DEFAULT NULL COMMENT '(사용X)메뉴 카테고리 번호',
  `MENU` varchar(100) CHARACTER SET utf8mb4 COLLATE utf8mb4_0900_ai_ci NOT NULL COMMENT '메뉴이름',
  `PRICE` varchar(50) CHARACTER SET utf8mb4 COLLATE utf8mb4_0900_ai_ci NOT NULL DEFAULT '' COMMENT '가격',
  `MENUINFO` text CHARACTER SET utf8mb4 COLLATE utf8mb4_0900_ai_ci COMMENT '메뉴정보',
  `STATUS` varchar(50) CHARACTER SET utf8mb4 COLLATE utf8mb4_0900_ai_ci NOT NULL DEFAULT '0' COMMENT '0:판매중 1:판매종료 3:품절',
  `FILEPATH` varchar(255) CHARACTER SET utf8mb4 COLLATE utf8mb4_0900_ai_ci DEFAULT NULL COMMENT '이미지 파일 주소',
  `FILENAME` varchar(50) CHARACTER SET utf8mb4 COLLATE utf8mb4_0900_ai_ci DEFAULT NULL COMMENT '이미지 파일명',
  `FILEORGNAME` varchar(50) CHARACTER SET utf8mb4 COLLATE utf8mb4_0900_ai_ci DEFAULT NULL COMMENT '이미지 원본파일명',
  `FILESIZE` varchar(50) CHARACTER SET utf8mb4 COLLATE utf8mb4_0900_ai_ci DEFAULT NULL COMMENT '이미지 파일 사이즈',
  `FILEETC` varchar(50) CHARACTER SET utf8mb4 COLLATE utf8mb4_0900_ai_ci DEFAULT NULL COMMENT '이미지 파일 확장자',
  PRIMARY KEY (`MENUNO`)
) ENGINE=InnoDB AUTO_INCREMENT=142 DEFAULT CHARSET=utf8mb4 COLLATE=utf8mb4_0900_ai_ci;

-- 테이블 데이터 spring-project.FOOD114_MENU:~136 rows (대략적) 내보내기
INSERT INTO `FOOD114_MENU` (`MENUNO`, `BIZID`, `CATEGORYNO`, `MENU`, `PRICE`, `MENUINFO`, `STATUS`, `FILEPATH`, `FILENAME`, `FILEORGNAME`, `FILESIZE`, `FILEETC`) VALUES
	(1, 'hi123', '', '아메리카노(ICE)', '2000', '[기본2샷]메가MGC커피 블렌드 원두로 추출한 에스프레소에 물을 더해, 풍부한 바디감을 느낄 수 있는 스탠다드 커피.', '3', '../img/', '20242182198284.jpg', '메가커피_아아.jpg', '225149', '.jpg'),
	(2, 'hi123', '', '아메리카노(HOT)', '3000', '[기본2샷]메가MGC커피 블렌드 원두로 추출한 에스프레소에 물을 더해, 풍부한 바디감을 느낄 수 있는 스탠다드 커피.', '0', '../img/', '202421822251237.jpg', '메가커피_뜨아.jpg', '195614', '.jpg'),
	(3, 'hi123', '', '바닐라라떼(ICE)', '3500', '바닐라의 짙은 향과 풍부한 폼 밀크의 조화가 인상적인 달콤한 라떼.', '0', '../img/', '202421822329336.jpg', '메가커피_아바닐라라떼.jpg', '169167', '.jpg'),
	(4, 'hi123', NULL, '바닐라라떼(HOT)', '3000', '바닐라의 짙은 향과 풍부한 폼 밀크의 조화가 인상적인 달콤한 라떼.', '0', '../img/', '20242182208792.jpg', '메가커피_토피넛라떼.jpg', '189680', '.jpg'),
	(5, 'hi123', NULL, '카페라떼(ICE)', '3500', '진한 에스프레소와 부드러운 우유가 어우러져 고소한 풍미를 완성한 라떼.', '0', '../img/', '202421822455502.jpg', '메가커피_아바닐라라떼.jpg', '169167', '.jpg'),
	(6, 'hi123', NULL, '카페라떼(HOT)', '3000', '진한 에스프레소와 부드러운 우유가 어우러져 고소한 풍미를 완성한 라떼.', '0', '../img/', '202421822526634.jpg', '메가커피_바닐라라떼.jpg', '190344', '.jpg'),
	(7, 'hi123', NULL, '카페모카(ICE)', '4500', '초코를 만나 풍부해진 에스프레소와 고소한 우유, 부드러운 휘핑크림까지 더해 달콤하게 즐기는 커피.', '0', '../img/', '202421822631712.jpg', '메가커피_아카페모카.jpg', '181698', '.jpg'),
	(8, 'hi123', NULL, '카페모카(HOT)', '4000', '초코를 만나 풍부해진 에스프레소와 고소한 우유, 부드러운 휘핑크림까지 더해 달콤하게 즐기는 커피.', '0', '../img/', '202421822659364.jpg', '메가커피_뜨카페모카.jpg', '200024', '.jpg'),
	(9, 'hi123', NULL, '라임모히또', '5000', '상큼한 라임과 달콤한 향기의 애플민트가 어우러져 상쾌함을 한잔에 가득 채운 모히또 음료.', '0', '../img/', '20242182351680.jpg', '메가커피_라임모히또.jpg', '238193', '.jpg'),
	(10, 'hi123', NULL, '유니콘매직에이드(핑크)', '5000', '섞으면 마법처럼 색이 변하는 재미에 레몬의 상큼함으로 입까지 즐거운 이색 에이드.', '0', '../img/', '202421823550499.jpg', '메가커피_유니콘매직에이드(핑크).jpg', '200884', '.jpg'),
	(11, 'hi123', NULL, '레몬에이드', '4800', '시트러스향 가득한 레몬의 상큼함과 톡쏘는 탄산의 상쾌함이 만난 청량 에이드', '0', '../img/', '202421822944299.jpg', '메가커피_레몬에이드.jpg', '183970', '.jpg'),
	(12, 'hi123', NULL, '블루레몬에이드', '4800', '레몬에이드의 상큼한 청량감에 블루큐라소의 진한 향미를 더한 에이드.', '0', '../img/', '20242182309837.jpg', '메가커피_블루레몬에이드.jpg', '188929', '.jpg'),
	(13, 'hi123', NULL, '자몽에이드', '4800', '자몽의 달콤쌉싸름한 맛과 탄산의 톡쏘는 목넘김이 어우러진 트로피컬 에이드.', '0', '../img/', '202421823031721.jpg', '메가커피_자몽에이드.jpg', '232529', '.jpg'),
	(14, 'biz03', NULL, '장충동왕족발', '28000', '오리지널 장충동왕족발 극강의 맛과 부드러움을 느껴보세요', '0', '../img/', '202422031638981.png', 'jang1.png', '551588', '.png'),
	(15, 'biz03', NULL, '장충동불족발', '28000', '장충동의 불맛을 제대로 살린 불족발', '0', '../img/', '202422031731266.png', 'jang2.png', '537094', '.png'),
	(16, 'biz03', NULL, '장충동반족발', '32000', '왕족발과 불족발을 둘다 맛보고 싶은분들을 위한 메뉴', '0', '../img/', '202422031851473.png', 'jang3.png', '542825', '.png'),
	(17, 'biz03', NULL, '장충동왕보쌈', '28000', '장충동왕보쌈 족발과 또 다른 매력을 가진 보쌈', '0', '../img/', '202422031932686.png', 'jang4.png', '524595', '.png'),
	(18, 'biz01', NULL, '원조커피(ICED)', '2500', '달콤한 빽다방 대표메뉴! 믹스커피 종결자', '0', '../img/', '202422042235154.png', 'back2.png', '117894', '.png'),
	(19, 'biz01', NULL, '원조커피(HOT)', '2000', '달콤한 빽다방 대표메뉴, 믹스커피 종결자!', '0', '../img/', '202422042241995.png', 'back1.png', '88480', '.png'),
	(24, 'biz01', NULL, '아메리카노(ICE)', '2500', '빽다방만의 맛과 향을 더한 100% 아라비카 로스팅 원두로 뽑아내 깊고 진한 맛의 앗!메리카노', '0', '../img/', '202422042248934.png', 'back3.png', '121933', '.png'),
	(26, 'biz01', NULL, '아메리카노(HOT)', '2000', '빽다방만의 맛과 향을 더한 100% 아라비카 로스팅 원두로 뽑아내 깊고 진한 맛의 앗!메리카노', '0', '../img/', '202422042254431.png', 'back4.png', '84340', '.png'),
	(27, 'biz01', NULL, '아이스티샷추가(아샷추)', '3000', '별미 중에 별미! 달콤한 복숭아맛 아이스티에 에스프레소 샷 추가~', '0', '../img/', '2024220422593.png', 'back5iii.png', '147988', '.png'),
	(28, 'biz01', NULL, '빽\'s 카페라떼(ICE)', '4500', '진한 에스프레소와 우유가 어우려져 탄생한 부드러운 빽다방 라떼', '0', '../img/', '20242204233901.png', 'back6.png', '125875', '.png'),
	(29, 'biz01', NULL, '빽\'s 카페라떼(HOT)', '4000', '진한 에스프레소와 우유가 어우려져 탄생한 부드러운 빽다방 라떼', '0', '../img/', '20242204238225.png', 'back7.png', '84993', '.png'),
	(30, 'biz01', NULL, '딸기라떼', '5000', '달콤한 딸기 과육이 가득! 부드럽고 달콤하게 즐기는 딸기라떼', '0', '../img/', '202422042313339.png', 'back8.png', '104158', '.png'),
	(31, 'biz01', NULL, '딸기요거트스무디', '6000', '부드럽고 새콤달콤한 딸기요거트스무디', '0', '../img/', '202422042317587.png', 'back9.png', '153790', '.png'),
	(32, 'biz01', NULL, '블루베리요거트스무디', '6000', '블루베리와 요거트가 만나 새콤달콤 스무디로!', '0', '../img/', '202422042324862.png', 'back10.png', '179826', '.png'),
	(33, 'bin', NULL, '닭발 오리지널', '20000', '미치도록 맵게 돌아왔다. 쳐 쥑이네!', '0', '../img/', '20242204265597.jpg', 'dack2.jpg', '107278', '.jpg'),
	(34, 'bin', NULL, '계란찜', '3000', '닭발에 어울리는 사이드메뉴!', '0', '../img/', '20242201107643.jpg', 'egg.jpg', '66909', '.jpg'),
	(35, 'test10', NULL, '광어회', '30000', '싱싱한 자연산광어입니다.', '0', '../img/', '202422025915607.jpg', 'mingwang.jpg', '93767', '.jpg'),
	(36, 'test10', NULL, '연어회', '25000', '싱싱한 자연산연어입니다.', '0', '../img/', '202422025944470.jpg', 'minyeon.jpg', '230699', '.jpg'),
	(37, 'test10', NULL, '우럭회', '30000', '싱싱한 우럭입니다.', '0', '../img/', '2024220309601.jpg', 'minwoo.jpg', '35295', '.jpg'),
	(38, 'test10', NULL, '참치회', '50000', '싱싱한 자연산참치입니다.', '0', '../img/', '20242203039334.jpg', 'mincham.jpg', '150630', '.jpg'),
	(39, 'biz03', NULL, '장충동반보쌈', '32000', '보쌈도 먹고 싶은데 매운것도 땡기는 분들을 위해 준비했습니다', '0', '../img/', '202422032034741.png', 'jang5.png', '513426', '.png'),
	(40, 'biz03', NULL, '장충동쟁반국수', '10000', '족발, 보쌈에 빠질 수 없는 단짝 시원하고 맛있는 쟁반국수', '0', '../img/', '202422032130583.png', 'jangja.png', '579614', '.png'),
	(41, 'hong12345', NULL, '포베이 쌀국수', '8000', '포베이 오리지널 쌀국수', '0', '../img/', '20242203401512.jpg', 'nodel.jpg', '69808', '.jpg'),
	(42, 'hong12345', NULL, '포베이 양지 쌀국수', '9000', '오리지널 쌀국수에 양지를 넣은 쌀국수', '0', '../img/', '202422034025153.jpg', 'nodel2.jpg', '72824', '.jpg'),
	(43, 'hong12345', NULL, '포베이 매운 쌀국수', '9000', '포베이 오리지널의 매콤한 맛을 느끼고 싶은 사람들을 위한 메뉴', '0', '../img/', '20242203415213.jpg', 'nodel3.jpg', '81145', '.jpg'),
	(44, 'hong12345', NULL, '포베이 분짜', '10000', '포베이에서 맛볼 수 있는 베트남의 향기', '0', '../img/', '202422034144392.jpg', 'nodel4.jpg', '107460', '.jpg'),
	(45, 'hong12345', NULL, '포베이 2인 세트', '19000', '2명이서 먹기에 좋은 세트로 구성되어 있는 메뉴', '0', '../img/', '202422034229814.jpg', 'nodel5.jpg', '83656', '.jpg'),
	(46, 'hong12345', NULL, '포베이 짜조', '6000', '포베이에서 만든 특제 소스와 베트남의 맛을 살린 짜조', '0', '../img/', '202422034327457.jpg', 'nodel6.jpg', '76695', '.jpg'),
	(47, 'test1234', NULL, '뿌링클', '18000', 'bhc의 대표메뉴 뿌링클치킨', '0', '../img/', '20242203463462.jpg', 'bhc1.jpg', '38224', '.jpg'),
	(48, 'test1234', NULL, 'bhc 후라이드', '17000', 'bhc만의 특별한 후라이드', '0', '../img/', '20242203478573.jpg', 'bhc2.jpg', '73536', '.jpg'),
	(49, 'test1234', NULL, 'bhc 양념치킨', '18000', 'bhc만의 특별한 소스로 만든 양념치킨', '0', '../img/', '202422034748121.jpg', 'bhc3.jpg', '43767', '.jpg'),
	(50, 'test1234', NULL, '맛초킹', '19000', 'bhc만의 색다른 메뉴 맛초킹', '0', '../img/', '202422034827287.jpg', 'bhc4.jpg', '59869', '.jpg'),
	(51, 'test1234', NULL, '커리퀸', '20000', 'bhc에서 인도의 풍미를 느낄 수 있는 치킨', '0', '../img/', '202422034856345.jpg', 'bhc5.jpg', '15182', '.jpg'),
	(52, 'test11', NULL, '더블불고기버거 세트', '5500', '더블불고기버거 세트', '0', '../img/', '20242203543888.png', 'mcdo1.png', '346488', '.png'),
	(53, 'test11', NULL, '빅맥 세트', '5500', '빅맥 세트', '0', '../img/', '20242203554437.png', 'mcdo2.png', '379725', '.png'),
	(54, 'test11', NULL, '맥 크리스피 디럭스 버거 세트', '9200', '맥크리스피 디럭스 버거 세트', '0', '../img/', '20242203560150.png', 'mcdo3.png', '369170', '.png'),
	(55, 'test11', NULL, '1955 버거 세트', '7200', '1955 버거 세트', '0', '../img/', '20242203562827.png', 'mcdo4.png', '402820', '.png'),
	(56, 'test11', NULL, '맥스파이시상하이버거세트', '6300', '맥스파이시 상하이 버거 세트', '0', '../img/', '202422035659723.png', 'mcdo5.png', '372121', '.png'),
	(57, 'test11', NULL, '후렌치 후라이', '3000', '후렌치 후라이', '0', '../img/', '202422035721301.png', 'mcdo6.png', '171278', '.png'),
	(58, 'test11', NULL, '맥너겟 4조각', '3400', '맥너겟 4조각', '0', '../img/', '202422035741857.png', 'mcdo7.png', '210588', '.png'),
	(59, 'test11', NULL, '골든 모짜렐라 치즈스틱 2조각', '3300', '골든 모짜렐라 치즈스틱 2조각', '0', '../img/', '20242203586236.png', 'mcdo8.png', '139025', '.png'),
	(60, 'test11', NULL, '코카콜라', '2400', '코카콜라 M', '0', '../img/', '202422035831279.png', 'mcdo9.png', '190008', '.png'),
	(61, 'test11', NULL, '코카콜라 제로', '2400', '코카콜라 제로 M', '0', '../img/', '202422035853320.png', 'mcdo10.png', '190885', '.png'),
	(62, 'test11', NULL, '스프라이트', '2400', '스프라이트 M', '0', '../img/', '202422035912336.png', 'mcdo11.png', '155353', '.png'),
	(63, 'test11', NULL, '환타', '2400', '환타 M', '0', '../img/', '202422035929221.png', 'mcdo12.png', '135709', '.png'),
	(64, 'bin', NULL, '무뼈 닭발 오리지널', '21000', '닭발이 무뼈로 돌아왔다!', '0', '../img/', '202422042648965.jpg', 'dack3.jpg', '809645', '.jpg'),
	(65, 'bin', NULL, '주먹밥', '3500', '닭발에 빠질 수 없는 주먹밥', '0', '../img/', '202422042729131.jpg', 'rice.jpg', '257120', '.jpg'),
	(66, 'test13', NULL, '블랙타이거 슈림프', '30000', '바다와 육지의 대왕이 하나로', '0', '../img/', '20242205417782.jpg', 'pizza5.jpg', '238683', '.jpg'),
	(67, 'test13', NULL, '슈퍼디럭스', '28900', '누구나 사랑하는 베이직 피자', '0', '../img/', '20242205810723.jpg', 'pizza2.jpg', '339180', '.jpg'),
	(68, 'test13', NULL, '리얼불고기', '29900', '프리미엄 불고기 토핑이 듬뿍', '0', '../img/', '20242205937421.jpg', 'pizza1.jpg', '319127', '.jpg'),
	(69, 'test13', NULL, '페퍼로니', '25900', '짭짤한 풍미가 일품', '0', '../img/', '2024220510311.jpg', 'pizza3.jpg', '349498', '.jpg'),
	(70, 'test13', NULL, '포테이토', '27900', '도미노피자 No.1 레전드', '0', '../img/', '202422051144333.jpg', 'pizza4.jpg', '305846', '.jpg'),
	(71, 'hong123', NULL, '엽기 실속 세트', '19000', '엽기 실속 세트', '0', '../img/', '20242205161558.png', 'dopoki1.png', '201624', '.png'),
	(72, 'hong123', NULL, '엽기 떡볶이', '14000', '엽기떡볶이 입니다', '0', '../img/', '202422051712777.png', 'dopoki2.png', '235159', '.png'),
	(73, 'hong123', NULL, '로제떡볶이', '16000', '로제떡볶이 입니다.', '0', '../img/', '202422052841294.png', 'dopoki3.png', '211456', '.png'),
	(74, 'hong123', NULL, '마라떡볶이', '16000', '마라떡볶이 입니다.', '0', '../img/', '202422052910935.png', 'dopoki4.png', '221780', '.png'),
	(75, 'hong123', NULL, '마라로제떡볶이', '18000', '마라로제떡볶이 입니다.', '0', '../img/', '202422052956601.png', 'dopoki5.png', '188376', '.png'),
	(76, 'test6', NULL, '원조김밥', '3000', '맛있는 원조김밥입니다.', '0', '../img/', '202422061053430.jpg', 'menu1_3on.jpg', '120387', '.jpg'),
	(77, 'test6', NULL, '야채김밥', '3000', '맛있는 야채김밥입니다.', '0', '../img/', '202422061154131.png', 'menu1_0on.png', '209387', '.png'),
	(78, 'test6', NULL, '소불고기김밥', '4500', '맛있는 소불고기김밥입니다.', '0', '../img/', '202422061311463.jpg', 'menu1_10on.jpg', '70313', '.jpg'),
	(79, 'test6', NULL, '참치김밥', '4000', '맛있는 참치김밥입니다.', '0', '../img/', '202422061349708.jpg', 'menu1_6on.jpg', '124732', '.jpg'),
	(80, 'test6', NULL, '돈까스김밥', '4500', '맛있는 돈까스김밥입니다.', '0', '../img/', '202422061414379.jpg', 'menu1_4on.jpg', '138592', '.jpg'),
	(81, 'test6', NULL, '치즈김밥', '4000', '맛있는 치즈김밥입니다.', '0', '../img/', '202422061440573.jpg', 'menu1_7on.jpg', '130275', '.jpg'),
	(82, 'test10', NULL, '방어회', '40000', '싱싱한 자연산방어회입니다.', '0', '../img/', '202422064828844.jpg', '1575354242191_0.jpg', '81520', '.jpg'),
	(83, 'red123', NULL, '유가네 닭갈비', '20000', '유가네에서만 맛볼 수 있는 닭갈비 입니다.', '0', '../img/', '202422074050332.jpg', 'galbi1.jpg', '440099', '.jpg'),
	(84, 'red123', NULL, '치즈 쏙 닭갈비', '24000', '유가네 닭갈비가 치즈에 빠졌닭?', '0', '../img/', '20242207414092.png', 'galbi2.png', '774473', '.png'),
	(85, 'red123', NULL, '유가네 볶음밥', '18000', '닭갈비, 철판 이 둘이 만나서 볶음밥을 만들었다!', '0', '../img/', '202422074215803.jpg', 'galbi3.jpg', '334383', '.jpg'),
	(86, 'red123', NULL, '유가네 반반갈비', '24000', '유가네에서 모든걸 즐기고 싶다면 이걸 시켜보세요!', '0', '../img/', '202422074241388.jpg', 'galbi4.jpg', '160774', '.jpg'),
	(87, 'test9', NULL, '솥뚜껑삼겹살 1인분', '15000', '200g + 밑반찬', '0', '../img/', '202422074731427.jpg', 'a2.jpg', '296576', '.jpg'),
	(88, 'hello1', NULL, '롱 블랙', '4300', '에스프레소보다 짧게 추출한 리스트레또샷을 넣어 깊은 풍미와 풍부한 크레마를 느낄 수 있는 매력적인 커피', '0', '../img/', '202422075035663.png', 'twosome3.png', '416273', '.png'),
	(89, 'hello1', NULL, '허니 레몬티', '3800', '진한 TWG 프렌치 얼그레이의 향과 달콤한 꿀, 상큼한 레몬이 녹아든 향긋한 티', '0', '../img/', '202422075057794.png', 'twosome4.png', '504295', '.png'),
	(90, 'hello1', NULL, '레드벨벳', '4500', '붉은 컬러 시트에 고소한 버터 크림치즈를 풍부하게 올려 불륨감이 돋보이는 투썸 대표 구움 케이크', '0', '../img/', '20242207511921.jpg', 'twosome1.jpg', '66577', '.jpg'),
	(91, 'hello1', NULL, '뉴욕 치즈 케이크', '4000', '부드럽고 촉촉한 식감과 진한 치즈의 맛을 느낄 수 있는 정통 뉴욕 스타일의 구움 치즈 케이크', '0', '../img/', '202422075148406.jpg', 'twosome2.jpg', '58449', '.jpg'),
	(92, 'test8', NULL, '돼지짜글이', '18000', '아주 맛있는 돼지짜글이입니다.', '0', '../img/', '202422075416397.jpg', 'b2.jpg', '48234', '.jpg'),
	(93, 'test8', NULL, '소고기물회', '25000', '아주 맛있는 소고기 물회입니다.', '0', '../img/', '202422075449805.jpg', 'b2.jpg', '48234', '.jpg'),
	(94, 'hi1234', NULL, '오리지널 삼겹살', '18000', '불향이 살아있는 정말 맛있게 구워진 삼겹살 맛있는 돼지고기맛 그대로를 즐길 수 있습니다.', '0', '../img/', '202422075930622.JPG', 'piggogi1.JPG', '29601', '.JPG'),
	(95, 'test7', NULL, '나이트로 바닐라 크림', '5000', '나이트로 바닐라 크림', '0', '../img/', '202422075939492.jpg', '[9200000002487]_20210426091745467.jpg', '3878', '.jpg'),
	(96, 'hi1234', NULL, '갈릭간장 삼겹살', '19000', '깊은 간장의 맛에 마늘향과 단맛이 더해져 더 고급스러운 돼지되지 갈릭간장 삼겹살', '0', '../img/', '202422075950123.JPG', 'piggogi2.JPG', '24758', '.JPG'),
	(97, 'test7', NULL, '나이트로 콜드 브루', '4500', '나이트로 콜드 브루', '0', '../img/', '20242207595742.jpg', '[9200000000479]_20210426091843897.jpg', '3895', '.jpg'),
	(98, 'hi1234', NULL, '밥도둑 삼겹살', '18000', '매콤한 양념 때문에 계속 밥이 땡기는 돼지되지 밥도둑 삼겹살', '0', '../img/', '2024220809943.JPG', 'piggogi3.JPG', '27205', '.JPG'),
	(99, 'test7', NULL, '돌체 콜드 브루', '5000', '돌체 콜드 브루', '0', '../img/', '20242208016674.jpg', '[9200000002081]_20210415133656839.jpg', '4308', '.jpg'),
	(100, 'hi1234', NULL, '불 삼겹살', '19000', '화끈하게 매우면서 맛있다. 맵부심 있는 사람들에게 딱!! 돼지되지 불 삼겹살', '0', '../img/', '20242208026772.JPG', 'piggogi4.JPG', '27891', '.JPG'),
	(101, 'test7', NULL, '리저브 나이트로', '6000', '리저브 나이트로', '0', '../img/', '20242208033196.jpg', '[9200000002407]_20210225095106743.jpg', '14987', '.jpg'),
	(102, 'test3', NULL, '신포닭강정', '22000', '대표 메뉴', '0', '../img/', '20242208739544.png', 'a7e21622bc1f0.png', '1746136', '.png'),
	(103, 'mom123', NULL, '바베큐 소금구이', '18500', '숯불향 가득한 치킨!', '0', '../img/', '20242208922455.jpg', 'momchiken1.jpg', '180955', '.jpg'),
	(104, 'mom123', NULL, '바베큐 양념구이', '19000', '숯불향 찐한 양념 바베큐 치킨', '0', '../img/', '20242208108778.jpg', 'momchiken2.jpg', '134302', '.jpg'),
	(105, 'mom123', NULL, '골벵이 무침', '12000', '마미치킨의 특제 소스로 무친 골벵이!', '0', '../img/', '202422081036444.jpg', 'momchiken3.jpg', '765496', '.jpg'),
	(106, 'test14', NULL, '모둠곱창', '35000', '시그니처메뉴 모둠곱창입니다.', '0', '../img/', '202422082142426.png', '14cd2ca1247eb23d2c45e7fd77e1a9f5.png', '706181', '.png'),
	(107, 'test14', NULL, '특양', '30000', '시그니처메뉴 특양입니다.', '0', '../img/', '202422082215293.png', '53f0f3957dac443f207bb0c238f313ba.png', '799948', '.png'),
	(108, 'test14', NULL, '한우곱창전골', '28000', '시그니처메뉴 한우곱창전골입니다.', '0', '../img/', '202422082253687.png', 'f94200e5f04713d90b6e0b71906a7a8b.png', '731230', '.png'),
	(109, 'test14', NULL, '눈꽃대창', '35000', '시그니처메뉴 눈꽃대창입니다.', '0', '../img/', '202422082315839.png', '0d5dc2a816c8fa5f2d1a1d77cd314ad9.png', '777518', '.png'),
	(110, 'test14', NULL, '소대창', '25000', '시그니처메뉴 소대창입니다.', '0', '../img/', '202422082346525.png', '2f46056554275ee4f05654d933af1af7.png', '676811', '.png'),
	(111, 'test15', NULL, '옛날우동', '5000', '진한 국물과 쫄깃한 면발의 만남! 역전우동의 대표메뉴', '3', '../img/', '2024220827477.png', '1_옛날우동.png', '267944', '.png'),
	(112, 'test15', NULL, '냉모밀', '4500', '사계절 내내 사랑받는 역전우동0410의 시원, 담백한 냉모밀', '0', '../img/', '202422082719480.png', '3_냉모밀.png', '324758', '.png'),
	(113, 'test15', NULL, '우볶이', '5500', '학교 앞 추억의 떡볶이 국물과 탱글탱글한 우동의 조화!', '0', '../img/', '202422082758621.png', '우볶이_우-e1683161973345.png', '309326', '.png'),
	(114, 'test15', NULL, '마라우볶이', '5200', '매력적인 얼얼함, 마라 떡볶이소스와 우동면의 만남!', '0', '../img/', '202422082855185.png', '마라우볶이_우.png', '321762', '.png'),
	(115, 'test15', NULL, '모둠어묵우동', '5500', '어묵꼬치가 푸짐하게 들어간 화끈하게 매운 어묵우동', '0', '../img/', '202422082921583.png', '모듬어묵우동_썸네일.png', '288076', '.png'),
	(116, 'test15', NULL, '김치우동', '4500', '볶은 김치가 얹어져 더욱 시원하고 깊은 맛을 내는 우동', '0', '../img/', '202422082944562.png', '4_김치우동-e1683161716537.png', '266211', '.png'),
	(117, 'hong1234', NULL, '소세지베이컨 철판볶음밥', '8000', '오아저씨철판만의 소세지베이컨 철판볶음밥', '0', '../img/', '202422084531376.jpg', 'oh.jpg', '331392', '.jpg'),
	(118, 'hong1234', NULL, '떡갈비 철판볶음밥', '9000', '오아저씨철판만의 떡갈비 철판볶음밥', '0', '../img/', '20242208462401.jpg', 'oh1.jpg', '379160', '.jpg'),
	(119, 'hong1234', NULL, '치즈베이컨 철판볶음밥', '9000', '오아저씨철판만의 치즈베이컨 철판볶음밥', '0', '../img/', '20242208462659.jpg', 'oh2.jpg', '352794', '.jpg'),
	(120, 'hong1234', NULL, '치즈불닭 철판볶음밥', '11000', '오아저씨철판만의 치즈불닭 철판볶음밥', '0', '../img/', '202422084645720.jpg', 'oh3.jpg', '339754', '.jpg'),
	(121, 'test4', NULL, '짜장면', '6000', '짜장면', '0', '../img/', '2024220980485.JPG', 'china2.JPG', '25799', '.JPG'),
	(122, 'test4', NULL, '짬뽕', '8000', '짬뽕', '0', '../img/', '20242209815814.JPG', 'china1.JPG', '25119', '.JPG'),
	(123, 'test4', NULL, '짬짜면', '9000', '짬짜면', '0', '../img/', '20242209828524.JPG', 'china3.JPG', '34509', '.JPG'),
	(124, 'test4', NULL, '탕수육', '15000', '탕수육', '0', '../img/', '20242209841762.JPG', 'china4.JPG', '33445', '.JPG'),
	(125, 'test5', NULL, '항아리삽겹살', '20000', '대표메뉴 항아리삼겹살입니다. 1인분 + 밑반찬', '3', '../img/', '202422194713545.jpg', '다운로드.jpg', '10853', '.jpg'),
	(126, 'test2', NULL, '춘천닭갈비', '15000', '대표메뉴 춘천 닭갈비입니다. (1인분기준)', '3', '../img/', '20242219510750.jpg', '다운로드 (1).jpg', '13212', '.jpg'),
	(127, 'test12', NULL, '참치비빔 삼각김밥', '1000', '참치비빔 삼각김밥', '0', '../img/', '2024221101445212.jpg', 'CU1.jpg', '6392', '.jpg'),
	(128, 'test12', NULL, '전주비빔 삼각김밥', '1100', '전주비빔 삼각김밥', '0', '../img/', '202422110159914.jpg', 'CU4.jpg', '5943', '.jpg'),
	(129, 'test1', NULL, '생크림 데미그라스 돈까스 세트', '15000', '생크림 데미그라스 돈까스 세트', '0', '../img/', '2024221101521951.jpg', 'menu_img01.jpg', '86357', '.jpg'),
	(130, 'test12', NULL, '햄참치마요 삼각김밥', '1100', '햄참치마요 삼각김밥', '0', '../img/', '2024221101532507.jpg', 'CU2.jpg', '14751', '.jpg'),
	(131, 'test12', NULL, '참치마요 삼각김밥', '1000', '참치마요 삼각김밥', '0', '../img/', '2024221101551489.jpg', 'CU5.jpg', '6383', '.jpg'),
	(132, 'test12', NULL, '육개장 사발면', '950', '육개장 사발면', '0', '../img/', '2024221101617938.jpg', 'CU3.jpg', '142475', '.jpg'),
	(133, 'test1', NULL, '함박스테이크', '15000', '함박스테이크', '0', '../img/', '2024221101732478.jpg', 'menu_img09.jpg', '69241', '.jpg'),
	(134, 'test1', NULL, '사케동', '13000', '사케동', '0', '../img/', '2024221101744310.jpg', 'menu_img02.jpg', '51755', '.jpg'),
	(135, 'test1', NULL, '가츠동', '11000', '가츠동', '0', '../img/', '2024221101759366.jpg', 'menu_img06.jpg', '78867', '.jpg'),
	(136, 'test1', NULL, '카레우동', '9000', '카레우동', '3', '../img/', '2024221101816541.jpg', 'menu_img10.jpg', '59914', '.jpg'),
	(137, 'test1', NULL, '규동', '13000', '규동', '0', '../img/', '2024221101829412.jpg', 'menu_img11.jpg', '68249', '.jpg'),
	(138, 'biz10', NULL, '에쉬레 우유식빵', '6300', '부드럽고 진한 에쉬레 우유의 고소한 풍미 가득 에쉬레만의 유니크한 맛과 풍미의 프리미엄 우유식빵  모바일상품권 구매하러 가기', '0', '../img/', '2024221104045486.png', 'paris1.png', '473961', '.png'),
	(139, 'biz10', NULL, '4가지 치즈 그릴토스트', '4200', '모짜렐라, 고다, 아메리칸슬라이스, 파마산 4가지 치즈에 감칠맛 나는 베샤멜소스와 갈릭 토핑이 조화롭게 어우러진 그릴 샌드위치', '0', '../img/', '202422110417871.png', 'paris2.png', '1302830', '.png'),
	(140, 'biz10', NULL, '꼬소한 시골곡물빵', '4200', '곡물과 씨앗이 들어간, 정겨운 유럽 시골느낌의 빵에 탕종기법으로 쫄깃함을 더하고, 씨앗토핑으로 고소함까지 배가 된 꼬~소한 곡물 브레드', '0', '../img/', '2024221104130973.png', 'paris3.png', '938362', '.png'),
	(141, 'biz10', NULL, '프랑스 정통 바게뜨', '3800', '충분히 발효해 밀가루 본연의 구수한 풍미를 느낄 수 있고 기공이 살아있어 쫄깃한 식감이 일품인 정통 바게뜨', '0', '../img/', '2024221104151467.png', 'paris4.png', '665177', '.png');

-- 테이블 spring-project.FOOD114_ORDERS 구조 내보내기
CREATE TABLE IF NOT EXISTS `FOOD114_ORDERS` (
  `ORDERNO` int NOT NULL AUTO_INCREMENT COMMENT '주문번호',
  `USERID` varchar(50) CHARACTER SET utf8mb4 COLLATE utf8mb4_0900_ai_ci NOT NULL COMMENT '주문자 아이디',
  `BIZID` varchar(50) CHARACTER SET utf8mb4 COLLATE utf8mb4_0900_ai_ci NOT NULL COMMENT '판매자 아이디',
  `ORDERDATE` datetime NOT NULL COMMENT '주문일자',
  `ADDR` varchar(500) DEFAULT NULL,
  `DETAIL` varchar(500) DEFAULT NULL,
  `PHONE` varchar(500) DEFAULT NULL,
  `ORDERREQUEST` varchar(500) DEFAULT NULL,
  `DELIVERYREQUEST` varchar(500) DEFAULT NULL,
  `STATUS` varchar(500) DEFAULT NULL,
  PRIMARY KEY (`ORDERNO`)
) ENGINE=InnoDB AUTO_INCREMENT=208 DEFAULT CHARSET=utf8mb4 COLLATE=utf8mb4_0900_ai_ci;

-- 테이블 데이터 spring-project.FOOD114_ORDERS:~116 rows (대략적) 내보내기
INSERT INTO `FOOD114_ORDERS` (`ORDERNO`, `USERID`, `BIZID`, `ORDERDATE`, `ADDR`, `DETAIL`, `PHONE`, `ORDERREQUEST`, `DELIVERYREQUEST`, `STATUS`) VALUES
	(68, 'yeji', 'hi123', '2024-03-14 13:05:35', NULL, NULL, NULL, NULL, NULL, '결제중'),
	(69, 'yeji', 'hi123', '2024-03-14 14:56:37', '', '', '01023457890', 'ㅇㅇㅇ', 'ㄴㄴㄴ', '결제완료'),
	(70, 'yeji', 'hi123', '2024-03-14 15:37:32', '인천 부평구 경원대로 1366', '스테이션타워 7F', '01023457890', '뜨겁게 해주세요', '천천히 와주세요', '결제중'),
	(71, 'yeji', 'hi123', '2024-03-14 17:30:17', NULL, NULL, NULL, NULL, NULL, '결제전'),
	(72, 'yeji', 'hi123', '2024-03-15 11:16:51', NULL, NULL, NULL, NULL, NULL, '결제중'),
	(73, 'yeji', 'hi123', '2024-03-15 11:29:48', NULL, NULL, NULL, NULL, NULL, '결제중'),
	(74, 'yeji', 'hi123', '2024-03-15 11:32:58', NULL, NULL, NULL, NULL, NULL, '결제중'),
	(75, 'yeji', 'hi123', '2024-03-15 11:36:24', '인천 부평구 경원대로 1366', '스테이션타워 7F', '01011223344', '주문요청', '배달요청', '결제완료'),
	(76, 'yeji', 'hi123', '2024-03-15 11:46:27', '인천 부평구 경원대로 1366', '스테이션타워 7F', '01055559999', 'ㄹㅇㄹㅇㄹㅇ', 'ㅂㅈㅈㅂㅇㅁㄴㅇ', '결제중'),
	(77, 'yeji', 'hi123', '2024-03-15 15:29:58', NULL, NULL, NULL, NULL, NULL, '결제중'),
	(78, 'yeji', 'hi123', '2024-03-15 18:46:14', NULL, NULL, NULL, NULL, NULL, '결제중'),
	(79, 'yeji', 'hi123', '2024-03-16 13:29:41', NULL, NULL, NULL, NULL, NULL, '결제전'),
	(81, 'yeji', 'hi123', '2024-03-16 15:14:52', NULL, NULL, NULL, NULL, NULL, '결제전'),
	(82, 'yeji', 'hi123', '2024-03-16 19:49:22', '인천 부평구 경원대로 1366', '스테이션타워 7F', '01023452315', '주문요청', '배달요청', '결제완료'),
	(83, 'yeji', 'hi123', '2024-03-16 21:12:33', NULL, NULL, NULL, NULL, NULL, '결제전'),
	(84, 'yeji', 'hi123', '2024-03-17 17:32:53', NULL, NULL, NULL, NULL, NULL, '결제전'),
	(85, 'yeji', 'hi123', '2024-03-17 20:32:29', NULL, NULL, NULL, NULL, NULL, '결제전'),
	(86, 'yeji', 'hi123', '2024-03-18 16:19:20', NULL, NULL, NULL, NULL, NULL, NULL),
	(87, 'yeji', 'hi123', '2024-03-18 16:24:07', NULL, NULL, NULL, NULL, NULL, '결제전'),
	(88, 'yeji', 'hi123', '2024-03-18 16:35:16', '인천 부평구 경원대로 1366', '스테이션타워 7F', '', '', '', '결제완료'),
	(89, 'yeji', 'hi123', '2024-03-18 19:18:18', '인천 부평구 경원대로 1366', '스테이션타워 7F', '', '', '', '결제완료'),
	(90, 'yeji', 'hi123', '2024-03-18 19:32:12', '인천 부평구 경원대로 1366', '스테이션타워 7F', '01054561231', '주문요청합니다', '배달요청합니다.', '결제중'),
	(91, 'yeji', 'hi123', '2024-03-18 19:41:03', '인천 부평구 경원대로 1366', '스테이션타워 7F', '01022123123', '빨리갖다주세요', '빨리요', '결제중'),
	(95, 'yeji', 'hi123', '2024-03-19 12:56:24', NULL, NULL, NULL, NULL, NULL, '결제전'),
	(96, 'yeji', 'test8', '2024-03-19 12:56:37', NULL, NULL, NULL, NULL, NULL, '결제전'),
	(101, 'yeji', 'biz03', '2024-03-20 10:14:00', NULL, NULL, NULL, NULL, NULL, '결제전'),
	(104, 'asd', 'hi123', '2024-03-20 11:16:01', '울산 중구 만남의거리 3', '강화a', '01055558888', '토핑 만카이', '벨 튀 불가능', '결제완료'),
	(105, 'yeji', 'biz01', '2024-03-20 11:39:46', NULL, NULL, NULL, NULL, NULL, '결제전'),
	(106, 'yeji', 'biz01', '2024-03-20 11:43:28', NULL, NULL, NULL, NULL, NULL, '결제전'),
	(107, 'yeji', 'biz01', '2024-03-20 11:45:15', '인천 부평구 경원대로 1366', '스테이션타워 7F', '01055224477', NULL, NULL, '결제전'),
	(108, 'yeji', 'hi123', '2024-03-20 11:50:11', '인천 부평구 경원대로 1366', '스테이션타워 7F', '01055224477', NULL, NULL, '결제전'),
	(109, 'yeji', 'hi123', '2024-03-20 11:52:38', '인천 부평구 경원대로 1366', '스테이션타워 7F', '01055224477', NULL, NULL, '결제전'),
	(110, 'yeji', 'hi123', '2024-03-20 11:57:46', '인천 부평구 경원대로 1366', '스테이션타워 7F', '01055224477', NULL, NULL, '결제전'),
	(111, 'asd', 'bin', '2024-03-20 12:31:05', '울산 중구 만남의거리 3', '강화a', '01011111111', 'ㅈㄴ 맵게 부탁드려요', '벨 누르지 말아주세요', '결제중'),
	(112, 'asd', 'bin', '2024-03-20 12:41:19', '울산 중구 만남의거리 3', '강화a', '01022225555', '', '', '결제중'),
	(113, 'yeji', 'hi123', '2024-03-20 17:04:32', '', '', '', NULL, NULL, '결제전'),
	(114, 'yeji', 'hi123', '2024-03-20 17:05:23', '인천 부평구 경원대로 1366', '스테이션타워 7F', '', NULL, NULL, '결제전'),
	(115, 'yeji', 'hi123', '2024-03-20 17:06:48', '인천 부평구 경원대로 1366', '스테이션타워 7F', '', NULL, NULL, '결제전'),
	(116, 'yeji', 'hi123', '2024-03-20 17:07:02', '인천 부평구 경원대로 1366', '스테이션타워 7F', '', NULL, NULL, '결제전'),
	(117, 'yeji', 'hi123', '2024-03-20 17:07:25', '인천 부평구 경원대로 1366', '스테이션타워 7F', '', NULL, NULL, '결제전'),
	(118, 'yeji', 'hi123', '2024-03-20 17:12:16', '인천 부평구 경원대로 1366', '스테이션타워 7F', '01055224477', NULL, NULL, '결제전'),
	(119, 'yeji', 'hi123', '2024-03-20 17:13:37', '인천 부평구 경원대로 1366', '스테이션타워 7F', '01055224477', NULL, NULL, '결제전'),
	(120, 'yeji', 'hi123', '2024-03-20 17:13:46', '인천 부평구 경원대로 1366', '스테이션타워 7F', '01055224477', NULL, NULL, '결제전'),
	(121, 'yeji', 'hi123', '2024-03-20 17:14:52', '인천 부평구 경원대로 1366', '스테이션타워 7F', '01055224477', NULL, NULL, '결제전'),
	(122, 'yeji', 'hi123', '2024-03-20 17:25:52', '인천 부평구 경원대로 1366', '스테이션타워 7F', '01055224477', '', '', '결제중'),
	(123, 'asd', 'test11', '2024-03-20 17:37:38', '', '', '', NULL, NULL, '결제전'),
	(124, 'yeji', 'test11', '2024-03-20 17:38:58', '', '', '', NULL, NULL, '결제전'),
	(125, 'yeji', 'test11', '2024-03-20 17:39:29', '', '', '01011114444', '굿', '굿', '결제완료'),
	(126, 'yeji', 'biz03', '2024-03-20 18:19:12', '인천 부평구 경원대로 1366', '스테이션타워 7F', '01055224477', '3인분같은 2인분 부탁드려요', '빼먹지 마세여', '결제완료'),
	(127, 'yeji', 'test10', '2024-03-20 18:22:50', '인천 부평구 경원대로 1366', '스테이션타워 7F', '01055224477', '와사비 많이 주세요 간장도요', '조심히 오세요.', '결제중'),
	(128, '', 'hi123', '2024-03-20 18:35:14', '인천 부평구 경원대로 1262', '', '', NULL, NULL, '결제전'),
	(129, 'yeji', 'hi123', '2024-03-20 18:43:34', '인천 부평구 경원대로 1366', '스테이션타워 7F', '01055224477', NULL, NULL, '결제전'),
	(130, 'yeji', 'hi123', '2024-03-20 18:44:36', '인천 부평구 경원대로 1366', '스테이션타워 7F', '01055224477', NULL, NULL, '결제전'),
	(131, 'yeji', 'hi123', '2024-03-20 18:46:07', '인천 부평구 경원대로 1366', '스테이션타워 7F', '01055224477', NULL, NULL, '결제전'),
	(132, 'yeji', 'hi123', '2024-03-20 18:51:58', '인천 부평구 경원대로 1366', '스테이션타워 7F', '01055224477', NULL, NULL, '결제전'),
	(133, 'yeji', 'hi123', '2024-03-20 18:56:35', '인천 부평구 경원대로 1366', '스테이션타워 7F', '01055224477', NULL, NULL, '결제전'),
	(134, 'yeji', 'hi123', '2024-03-20 18:59:32', '인천 부평구 경원대로 1366', '스테이션타워 7F', '01055224477', '맛없으면 환불합니다', '', '결제완료'),
	(135, 'yeji', 'test6', '2024-03-20 19:04:16', '', '', '01011111111', '', '', '결제완료'),
	(136, 'yeji', 'hi123', '2024-03-20 19:06:40', '인천 부평구 경원대로 1366', '스테이션타워 7F', '01055224477', NULL, NULL, '결제전'),
	(137, 'yeji', 'hi123', '2024-03-20 19:08:37', '인천 부평구 경원대로 1366', '스테이션타워 7F', '01055224477', '맛없으면 환불합니다', '', '결제완료'),
	(138, 'yeji', 'hi123', '2024-03-20 19:10:45', '인천 부평구 경원대로 1366', '스테이션타워 7F', '01055224477', '맛없으면 환불합니다', '', '결제중'),
	(139, 'yeji', 'hi123', '2024-03-20 19:11:29', '인천 부평구 경원대로 1366', '스테이션타워 7F', '01055224477', NULL, NULL, '결제전'),
	(140, 'yeji', 'hi123', '2024-03-20 19:12:47', '인천 부평구 경원대로 1366', '스테이션타워 7F', '01055224477', NULL, NULL, '결제전'),
	(142, 'been2', 'hi123', '2024-03-20 19:14:26', '인천 부평구 경원대로 1366', '7층', '01076751502', NULL, NULL, '결제전'),
	(143, 'been2', 'hi123', '2024-03-20 19:14:49', '인천 부평구 경원대로 1366', '7층', '01076751502', NULL, NULL, '결제전'),
	(144, 'yeji', 'test6', '2024-03-20 19:15:06', '', '', '', NULL, NULL, '결제전'),
	(146, '', 'biz03', '2024-03-20 19:18:09', '', '', '', NULL, NULL, '결제전'),
	(147, 'yeji', 'biz03', '2024-03-20 19:18:56', '인천 부평구 경원대로 1366', '스테이션타워 7F', '01055224477', NULL, NULL, '결제전'),
	(149, 'yeji', 'test6', '2024-03-20 19:21:17', '', '', '', NULL, NULL, '결제전'),
	(150, '', 'test6', '2024-03-20 19:21:45', '인천 동구 방축로 63', '', '', NULL, NULL, '결제전'),
	(152, '', 'test6', '2024-03-20 19:23:29', '인천 동구 방축로 63', '', '', NULL, NULL, '결제전'),
	(154, '', 'test6', '2024-03-20 19:26:11', '인천 동구 방축로 63', '', '', NULL, NULL, '결제전'),
	(155, 'asd', 'test3', '2024-03-20 20:10:32', '인천 동구 방축로 63', '하이츠빌 908호', '01033442266', '', '', '결제완료'),
	(156, 'asd', 'test7', '2024-03-20 20:13:01', '인천 동구 방축로 63', '하이츠빌 908호', '01033442266', '', '', '결제중'),
	(157, 'yeji', 'biz03', '2024-03-20 20:13:34', '인천 부평구 경원대로 1366', '스테이션타워 7F', '01055224477', '', '', '결제완료'),
	(158, 'asd', 'test7', '2024-03-20 20:15:35', '인천 동구 방축로 63', '하이츠빌 908호', '01033442266', '', '', '결제완료'),
	(159, 'yeji', 'test11', '2024-03-20 20:20:31', '인천 부평구 경원대로 1366', '스테이션타워 7F', '01055224477', NULL, NULL, '결제전'),
	(160, 'yeji', 'hi123', '2024-03-20 20:20:40', '인천 부평구 경원대로 1366', '스테이션타워 7F', '01055224477', NULL, NULL, '결제전'),
	(161, 'yeji', 'hi123', '2024-03-20 20:20:46', '인천 부평구 경원대로 1366', '스테이션타워 7F', '01055224477', NULL, NULL, '결제전'),
	(162, 'yeji', 'test6', '2024-03-20 20:20:54', '인천 동구 방축로', '마야의 집', '01033337777', NULL, NULL, '결제전'),
	(163, 'yeji', 'hi123', '2024-03-20 20:21:30', '인천 부평구 경원대로 1366', '스테이션타워 7F', '01055224477', '맛없으면 환불합니다', '', '결제완료'),
	(164, '', 'hi123', '2024-03-20 20:45:03', '', '', '', NULL, NULL, '결제전'),
	(165, 'yeji', 'test15', '2024-03-20 20:45:44', '인천 동구 방축로', '마야의 집', '01033337777', '문 앞에 두고 노크해주세요.', '', '결제완료'),
	(166, 'yeji', 'test10', '2024-03-20 20:51:53', '인천 부평구 경원대로 1366', '스테이션타워 7F', '01055224477', '', '', '결제중'),
	(167, 'yeji', 'hi123', '2024-03-21 09:39:28', '인천 부평구 경원대로 1366', '스테이션타워 7F', '01055224477', NULL, NULL, '결제전'),
	(168, 'yeji', 'hi123', '2024-03-21 09:39:38', '인천 부평구 경원대로 1366', '스테이션타워 7F', '01055224477', NULL, NULL, '결제전'),
	(169, 'yeji', 'hi123', '2024-03-21 09:40:39', '인천 부평구 경원대로 1366', '스테이션타워 7F', '01055224477', NULL, NULL, '결제전'),
	(170, 'yeji', 'biz03', '2024-03-21 09:41:31', '인천 부평구 경원대로 1366', '스테이션타워 7F', '01055224477', NULL, NULL, '결제전'),
	(171, 'yeji', 'hi123', '2024-03-21 09:41:42', '인천 부평구 경원대로 1274', '1층', '01063824246', NULL, NULL, '결제전'),
	(172, 'yeji', 'hi123', '2024-03-21 09:43:00', '인천 부평구 경원대로 1274', '1층', '01063824246', NULL, NULL, '결제전'),
	(173, 'asd', 'biz03', '2024-03-21 09:43:03', '인천 부평구 경원대로 1262-1', '로뎀빌딩2323', '01055668877', NULL, NULL, '결제중'),
	(174, 'yeji', 'hi123', '2024-03-21 09:46:55', '인천 부평구 경원대로 1366', '스테이션타워 7F', '01055224477', NULL, NULL, '결제전'),
	(175, 'yeji', 'hi123', '2024-03-21 09:52:41', '인천 부평구 경원대로 1366', '스테이션타워 7F', '01055224477', NULL, NULL, '결제전'),
	(176, 'yeji', 'hi123', '2024-03-21 09:52:50', '인천 부평구 경원대로 1366', '스테이션타워 7F', '01055224477', NULL, NULL, '결제전'),
	(177, 'yeji', 'hi123', '2024-03-21 09:53:03', '인천 부평구 경원대로 1366', '스테이션타워 7F', '01055224477', NULL, NULL, '결제전'),
	(178, 'asd', 'test3', '2024-03-21 10:36:02', '인천 부평구 가재울로 159', '강화a', '010', 'ㅇㅇㅇ', '', '결제완료'),
	(179, 'yeji', 'test12', '2024-03-21 11:06:12', '인천 부평구 경원대로 1366', '스테이션타워 7F', '01055224477', NULL, NULL, '결제전'),
	(180, 'yeji', 'test12', '2024-03-21 11:06:43', '인천 부평구 경원대로 1366', '스테이션타워 7F', '01055224477', NULL, NULL, '결제전'),
	(181, 'yeji', 'test11', '2024-03-21 12:13:02', '인천 부평구 경원대로 1366', '스테이션타워 7F', '01055224477', '맛없으면 환불합니다', '', '결제완료'),
	(182, 'psy216', 'test11', '2024-03-21 12:36:33', '인천 부평구 경원대로 1294-2', '부평아트센터', '0325678945', '배송 전 연락 주세요!', '', '결제완료'),
	(183, 'psy216', 'hi123', '2024-03-21 12:38:33', '인천 부평구 경원대로 1294-2', '부평아트센터', '0325678945', '배송 전 연락 주세요!', '', '결제완료'),
	(184, 'psy216', 'test13', '2024-03-21 12:39:20', '인천 부평구 경원대로 1294-2', '부평아트센터', '0325678945', '배송 전 연락 주세요!', '', '결제완료'),
	(185, 'psy216', 'hong123', '2024-03-21 12:43:04', '인천 부평구 경원대로 1294-2', '부평아트센터', '0325678945', '배송 전 연락 주세요!', '', '결제중'),
	(186, 'psy216', 'test1234', '2024-03-21 12:43:38', '인천 부평구 경원대로 1294-2', '부평아트센터', '0325678945', '배송 전 연락 주세요!', '', '결제완료'),
	(187, 'psy216', 'hello1', '2024-03-21 12:44:11', '인천 부평구 경원대로 1294-2', '부평아트센터', '0325678945', '배송 전 연락 주세요!', '', '결제완료'),
	(188, 'psy216', 'biz10', '2024-03-21 12:44:50', '인천 부평구 경원대로 1294-2', '부평아트센터', '0325678945', '배송 전 연락 주세요!', '', '결제완료'),
	(189, 'psy216', 'biz01', '2024-03-21 12:45:46', '인천 부평구 경원대로 1294-2', '부평아트센터', '0325678945', '배송 전 연락 주세요!', '', '결제완료'),
	(190, 'yeji', 'test11', '2024-03-21 14:33:25', '인천 부평구 경원대로 1366', '스테이션타워 7F', '01055224477', NULL, NULL, '결제전'),
	(191, '', 'test11', '2024-03-21 14:40:41', '인천 부평구 경원대로 1262', '', '', NULL, NULL, '결제전'),
	(192, 'yeji', 'test11', '2024-03-21 14:50:43', '인천 부평구 경원대로 1366', '스테이션타워 7F', '01055224477', NULL, NULL, '결제전'),
	(193, 'djl01', 'biz03', '2024-03-21 15:04:57', '인천 부평구 경원대로 1262', '1층', '01063824246', '', '', '결제완료'),
	(194, 'djl01', 'test11', '2024-03-21 15:05:26', '인천 부평구 경원대로 1262', '1층', '01063824246', '', '', '결제완료'),
	(195, 'djl01', 'hi123', '2024-03-21 15:06:28', '인천 부평구 경원대로 1262', '1층', '01063824246', '', '', '결제완료'),
	(196, 'yeji', 'test11', '2024-03-21 15:06:32', '인천 부평구 경원대로 1262', '1층', '01063824246', '', '', '결제중'),
	(198, 'psy216', 'test11', '2024-03-21 15:07:48', '인천 부평구 경원대로 1294-2', '부평아트센터', '0325678945', '배송 전 연락 주세요!', '', '결제완료'),
	(199, 'djl01', 'test10', '2024-03-21 15:13:19', '인천 부평구 경원대로 1262', '1층', '01063824246', '', '', '결제완료'),
	(200, 'djl01', 'test4', '2024-03-21 15:15:05', '인천 부평구 경원대로 1262', '1층', '01063824246', '', '', '결제완료'),
	(201, 'djl01', 'test11', '2024-03-21 15:15:52', '인천 부평구 경원대로 1262', '1층', '01063824246', '', '', '결제완료'),
	(203, 'djl01', 'test11', '2024-03-21 15:35:28', '인천 부평구 경원대로 1262', '1층', '01063824246', NULL, NULL, '결제완료'),
	(205, 'yeji', 'test11', '2024-03-21 15:41:25', '인천 부평구 경원대로 1262', '1층', '01063824246', '', '', '결제완료'),
	(206, 'djl01', 'test11', '2024-03-21 17:21:57', '인천 부평구 경원대로 1262', '1층', '01063824246', '', '', '결제완료'),
	(207, 'yeji', 'test11', '2024-03-21 19:53:11', '인천 부평구 경원대로 1262', '1층', '01063824246', NULL, NULL, '결제완료');

-- 테이블 spring-project.FOOD114_ORDER_DETAIL 구조 내보내기
CREATE TABLE IF NOT EXISTS `FOOD114_ORDER_DETAIL` (
  `ORDERNO` int NOT NULL COMMENT '주문번호',
  `MENUNO` int NOT NULL COMMENT '메뉴번호',
  `COUNT` int NOT NULL COMMENT '주문수량',
  `UNITPRICE` int NOT NULL COMMENT '개당판매단가'
) ENGINE=InnoDB DEFAULT CHARSET=utf8mb4 COLLATE=utf8mb4_0900_ai_ci;

-- 테이블 데이터 spring-project.FOOD114_ORDER_DETAIL:~214 rows (대략적) 내보내기
INSERT INTO `FOOD114_ORDER_DETAIL` (`ORDERNO`, `MENUNO`, `COUNT`, `UNITPRICE`) VALUES
	(1, 1, 2, 2000),
	(1, 2, 1, 3000),
	(2, 1, 3, 2000),
	(3, 3, 1, 3500),
	(3, 2, 1, 3000),
	(3, 1, 1, 2000),
	(4, 1, 1, 2000),
	(4, 2, 3, 3000),
	(5, 1, 3, 2000),
	(5, 7, 1, 6000),
	(10, 1, 1, 2000),
	(10, 2, 1, 3000),
	(11, 1, 1, 2000),
	(12, 2, 1, 3000),
	(12, 1, 1, 2000),
	(13, 2, 1, 3000),
	(13, 3, 1, 3500),
	(13, 5, 1, 4500),
	(14, 4, 1, 3800),
	(14, 7, 1, 6000),
	(46, 7, 1, 6000),
	(47, 2, 1, 3000),
	(48, 2, 1, 3000),
	(49, 1, 1, 2000),
	(50, 1, 1, 2000),
	(6, 1, 1, 2000),
	(7, 1, 1, 2000),
	(53, 1, 1, 2000),
	(54, 1, 1, 2000),
	(55, 1, 1, 2000),
	(56, 1, 1, 2000),
	(57, 1, 1, 2000),
	(58, 1, 1, 2000),
	(59, 1, 1, 2000),
	(60, 1, 1, 2000),
	(61, 1, 1, 2000),
	(62, 1, 1, 2000),
	(63, 1, 1, 2000),
	(64, 1, 1, 2000),
	(65, 2, 1, 3000),
	(66, 5, 1, 4500),
	(67, 2, 1, 3000),
	(68, 8, 1, 3500),
	(69, 1, 1, 2000),
	(70, 2, 1, 3000),
	(71, 1, 1, 2000),
	(72, 1, 1, 2000),
	(72, 3, 1, 3500),
	(73, 9, 1, 5000),
	(73, 2, 1, 3000),
	(74, 3, 1, 3500),
	(74, 6, 1, 3800),
	(74, 9, 1, 5000),
	(75, 4, 1, 3800),
	(75, 7, 1, 6000),
	(76, 6, 1, 3800),
	(76, 8, 1, 3500),
	(77, 3, 4, 14000),
	(78, 11, 7, 2800),
	(79, 4, 1, 3800),
	(79, 5, 1, 4500),
	(80, 1, 5, 10000),
	(80, 6, 4, 15200),
	(80, 7, 2, 12000),
	(81, 7, 5, 30000),
	(81, 8, 2, 7000),
	(82, 2, 1, 3000),
	(83, 2, 1, 3000),
	(84, 1, 1, 2000),
	(84, 2, 1, 3000),
	(85, 11, 4, 1600),
	(86, 1, 1, 2000),
	(87, 10, 1, 5000),
	(88, 3, 1, 3500),
	(89, 1, 1, 2000),
	(89, 4, 1, 3000),
	(90, 1, 1, 2000),
	(90, 5, 1, 3500),
	(91, 2, 1, 3000),
	(91, 8, 1, 4000),
	(92, 5, 5, 17500),
	(93, 3, 1, 3500),
	(93, 6, 1, 3000),
	(94, 2, 1, 3000),
	(97, 2, 1, 3000),
	(98, 3, 5, 15000),
	(98, 2, 2, 6000),
	(99, 15, 1, 25000),
	(100, 14, 1, 29900),
	(101, 14, 1, 29900),
	(102, 14, 1, 29900),
	(103, 18, 1, 2500),
	(104, 3, 1, 3500),
	(104, 10, 1, 5000),
	(104, 1, 1, 2000),
	(104, 5, 1, 3500),
	(104, 9, 1, 5000),
	(105, 18, 1, 2500),
	(105, 19, 1, 2000),
	(106, 24, 1, 2500),
	(106, 28, 1, 4500),
	(107, 24, 1, 2500),
	(107, 28, 1, 4500),
	(108, 2, 1, 3000),
	(108, 5, 1, 3500),
	(110, 1, 1, 2000),
	(111, 33, 5, 100000),
	(112, 33, 2, 40000),
	(113, 3, 1, 3000),
	(114, 2, 1, 2000),
	(115, 3, 1, 3000),
	(116, 3, 1, 3000),
	(117, 3, 1, 3000),
	(118, 3, 1, 3000),
	(119, 3, 1, 3000),
	(120, 3, 1, 3000),
	(121, 3, 1, 3000),
	(122, 1, 1, 1000),
	(123, 54, 5, 44000),
	(124, 54, 5, 44000),
	(125, 54, 5, 44000),
	(126, 14, 1, 28000),
	(126, 40, 1, 10000),
	(127, 38, 5, 250000),
	(128, 3, 1, 3000),
	(129, 3, 2, 6000),
	(130, 3, 2, 6000),
	(131, 3, 1, 3000),
	(132, 3, 1, 3000),
	(133, 3, 1, 3000),
	(134, 2, 1, 2000),
	(134, 3, 3, 9000),
	(135, 77, 1, 3000),
	(135, 78, 1, 4500),
	(136, 2, 4, 2000),
	(137, 2, 4, 2000),
	(139, 3, 6, 3000),
	(140, 3, 5, 3000),
	(141, 52, 1, 5000),
	(141, 53, 2, 10000),
	(141, 57, 3, 9000),
	(142, 3, 1, 3000),
	(143, 3, 1, 3000),
	(144, 78, 5, 22500),
	(145, 54, 3, 26400),
	(146, 16, 1, 32000),
	(147, 39, 1, 32000),
	(148, 54, 3, 26400),
	(149, 81, 1, 4000),
	(150, 78, 1, 4500),
	(152, 78, 1, 4500),
	(153, 54, 3, 26400),
	(154, 78, 1, 4500),
	(155, 102, 10, 220000),
	(156, 95, 5, 25000),
	(157, 15, 4, 28000),
	(158, 97, 5, 4500),
	(159, 54, 1, 9200),
	(160, 3, 1, 3000),
	(161, 3, 1, 3000),
	(162, 78, 1, 4500),
	(163, 3, 1, 3000),
	(164, 2, 1, 2000),
	(165, 112, 1, 4500),
	(166, 36, 3, 20000),
	(167, 3, 1, 3000),
	(168, 3, 1, 3000),
	(169, 3, 1, 3000),
	(170, 16, 2, 32000),
	(171, 3, 2, 3000),
	(172, 3, 1, 3000),
	(173, 16, 1, 32000),
	(174, 5, 1, 3500),
	(175, 2, 1, 2000),
	(176, 3, 1, 3000),
	(177, 3, 1, 3000),
	(178, 102, 2, 22000),
	(179, 130, 1, 1100),
	(180, 130, 1, 1100),
	(181, 54, 1, 9200),
	(181, 53, 1, 5500),
	(182, 56, 1, 6300),
	(182, 58, 1, 3400),
	(182, 62, 1, 2400),
	(183, 5, 1, 3500),
	(183, 10, 1, 5000),
	(184, 69, 1, 25900),
	(185, 75, 1, 18000),
	(186, 47, 1, 18000),
	(187, 90, 2, 4500),
	(187, 88, 2, 4300),
	(187, 91, 2, 4000),
	(188, 141, 2, 3800),
	(189, 18, 1, 2500),
	(189, 27, 1, 3000),
	(189, 31, 1, 6000),
	(189, 32, 1, 6000),
	(189, 30, 1, 5000),
	(189, 29, 1, 4000),
	(190, 52, 1, 5000),
	(190, 54, 1, 8800),
	(191, 52, 1, 5000),
	(192, 54, 1, 8800),
	(193, 16, 2, 32000),
	(194, 53, 1, 5000),
	(194, 54, 1, 8800),
	(195, 2, 1, 2000),
	(195, 3, 1, 3000),
	(195, 6, 1, 3000),
	(195, 5, 1, 3500),
	(195, 4, 1, 2000),
	(196, 53, 1, 5000),
	(197, 36, 1, 25000),
	(198, 56, 2, 5800),
	(199, 37, 1, 30000),
	(200, 123, 1, 9000),
	(201, 57, 1, 3000),
	(201, 56, 1, 5800),
	(201, 53, 1, 5000),
	(202, 54, 1, 8800),
	(203, 53, 1, 5000),
	(204, 53, 1, 5000),
	(205, 57, 1, 3000),
	(206, 52, 1, 5000),
	(207, 53, 1, 5500),
	(207, 54, 1, 9200);

-- 테이블 spring-project.FOOD114_PAYMENT 구조 내보내기
CREATE TABLE IF NOT EXISTS `FOOD114_PAYMENT` (
  `PAYNO` int NOT NULL AUTO_INCREMENT COMMENT '결제 고유번호',
  `ORDERNO` int NOT NULL COMMENT '주문번호',
  `PAYID` int DEFAULT NULL COMMENT '주문자 결제정보 고유번호 ',
  `APPLYCOUPON` int DEFAULT NULL COMMENT '쿠폰번호',
  `PRICE` decimal(10,2) NOT NULL COMMENT '결제금액',
  `PAYDATE` datetime NOT NULL COMMENT '결제일자',
  `TYPE` varchar(100) NOT NULL COMMENT '결제방법',
  PRIMARY KEY (`PAYNO`)
) ENGINE=InnoDB AUTO_INCREMENT=67 DEFAULT CHARSET=utf8mb4 COLLATE=utf8mb4_0900_ai_ci;

-- 테이블 데이터 spring-project.FOOD114_PAYMENT:~56 rows (대략적) 내보내기
INSERT INTO `FOOD114_PAYMENT` (`PAYNO`, `ORDERNO`, `PAYID`, `APPLYCOUPON`, `PRICE`, `PAYDATE`, `TYPE`) VALUES
	(1, 73, NULL, 1, 8000.00, '2024-03-15 11:31:42', 'card'),
	(2, 74, NULL, 0, 12300.00, '2024-03-15 11:33:19', 'card'),
	(3, 75, NULL, 0, 9800.00, '2024-03-15 11:36:44', 'meetCard'),
	(4, 75, NULL, 0, 9800.00, '2024-03-15 11:40:28', 'cash'),
	(5, 76, NULL, 0, 7300.00, '2024-03-15 11:46:42', 'meetCard'),
	(6, 78, NULL, 0, 2800.00, '2024-03-15 18:58:51', 'card'),
	(7, 82, NULL, 1, 9700.00, '2024-03-16 20:48:09', 'meetCard'),
	(8, 88, NULL, 0, 3500.00, '2024-03-18 17:21:53', 'cash'),
	(9, 89, NULL, 1, 4850.00, '2024-03-18 19:18:43', 'cash'),
	(10, 89, NULL, 0, 5000.00, '2024-03-18 19:28:12', 'cash'),
	(11, 89, NULL, 0, 5000.00, '2024-03-18 19:29:48', 'cash'),
	(12, 90, NULL, 1, 5335.00, '2024-03-18 19:32:32', 'cash'),
	(13, 91, NULL, 2, 6000.00, '2024-03-18 19:41:17', 'meetCard'),
	(14, 92, NULL, 0, 0.00, '2024-03-19 09:59:29', 'kakao'),
	(15, 104, NULL, 2, 18000.00, '2024-03-20 11:17:14', 'meetCard'),
	(16, 111, NULL, 1, 97000.00, '2024-03-20 12:31:54', 'meetCard'),
	(17, 112, NULL, 1, 38800.00, '2024-03-20 12:42:12', 'meetCard'),
	(18, 122, NULL, 0, 1000.00, '2024-03-20 17:26:54', 'cash'),
	(19, 125, NULL, 1, 42680.00, '2024-03-20 17:39:53', 'meetCard'),
	(20, 126, NULL, 1, 36860.00, '2024-03-20 18:19:58', 'card'),
	(21, 126, NULL, 1, 36860.00, '2024-03-20 18:20:05', 'meetCard'),
	(22, 127, NULL, 1, 242500.00, '2024-03-20 18:23:15', 'meetCard'),
	(23, 134, NULL, 0, 11000.00, '2024-03-20 18:59:40', 'cash'),
	(24, 135, NULL, 2, 6500.00, '2024-03-20 19:04:35', 'cash'),
	(25, 137, NULL, 0, 8000.00, '2024-03-20 19:08:40', 'meetCard'),
	(26, 138, NULL, 0, 0.00, '2024-03-20 19:11:01', 'meetCard'),
	(27, 155, NULL, 0, 220000.00, '2024-03-20 20:11:15', 'meetCard'),
	(28, 156, NULL, 0, 25000.00, '2024-03-20 20:13:05', 'meetCard'),
	(29, 157, NULL, 0, 112000.00, '2024-03-20 20:13:39', 'meetCard'),
	(30, 158, NULL, 0, 22500.00, '2024-03-20 20:15:38', 'meetCard'),
	(31, 163, NULL, 0, 3000.00, '2024-03-20 20:22:40', 'cash'),
	(32, 165, NULL, 0, 4500.00, '2024-03-20 20:45:53', 'meetCard'),
	(33, 166, NULL, 0, 60000.00, '2024-03-20 20:51:56', 'cash'),
	(34, 173, NULL, 0, 32000.00, '2024-03-21 09:43:16', 'card'),
	(35, 173, NULL, 0, 32000.00, '2024-03-21 09:43:40', 'card'),
	(36, 178, NULL, 0, 44000.00, '2024-03-21 10:36:15', 'toss'),
	(37, 178, NULL, 0, 44000.00, '2024-03-21 10:36:37', 'card'),
	(38, 178, NULL, 1, 42680.00, '2024-03-21 10:38:21', 'cash'),
	(39, 181, NULL, 2, 13700.00, '2024-03-21 12:13:16', 'meetCard'),
	(40, 182, NULL, 2, 11100.00, '2024-03-21 12:37:02', 'meetCard'),
	(41, 183, NULL, 1, 8245.00, '2024-03-21 12:38:43', 'meetCard'),
	(42, 184, NULL, 1, 25123.00, '2024-03-21 12:39:33', 'meetCard'),
	(43, 185, NULL, 2, 17000.00, '2024-03-21 12:43:15', 'meetCard'),
	(44, 186, NULL, 2, 17000.00, '2024-03-21 12:43:48', 'meetCard'),
	(45, 187, NULL, 2, 24600.00, '2024-03-21 12:44:21', 'meetCard'),
	(46, 188, NULL, 2, 6600.00, '2024-03-21 12:44:59', 'meetCard'),
	(47, 189, NULL, 2, 25500.00, '2024-03-21 12:45:57', 'meetCard'),
	(48, 193, NULL, 0, 64000.00, '2024-03-21 15:05:09', 'meetCard'),
	(49, 194, NULL, 0, 13800.00, '2024-03-21 15:05:31', 'cash'),
	(50, 195, NULL, 0, 13500.00, '2024-03-21 15:06:31', 'meetCard'),
	(51, 196, NULL, 0, 5000.00, '2024-03-21 15:06:35', 'cash'),
	(52, 197, NULL, 0, 25000.00, '2024-03-21 15:07:33', 'kakao'),
	(53, 197, NULL, 0, 25000.00, '2024-03-21 15:07:44', 'card'),
	(54, 198, NULL, 2, 10600.00, '2024-03-21 15:07:55', 'meetCard'),
	(55, 197, NULL, 0, 25000.00, '2024-03-21 15:08:31', 'card'),
	(56, 197, NULL, 0, 25000.00, '2024-03-21 15:08:56', 'toss'),
	(57, 197, NULL, 0, 25000.00, '2024-03-21 15:10:33', 'toss'),
	(58, 196, NULL, 0, 5000.00, '2024-03-21 15:11:25', 'toss'),
	(59, 199, NULL, 0, 30000.00, '2024-03-21 15:13:29', 'card'),
	(60, 200, NULL, 0, 9000.00, '2024-03-21 15:15:12', 'card'),
	(61, 201, NULL, 0, 13800.00, '2024-03-21 15:15:59', 'kakao'),
	(62, 196, NULL, 0, 5000.00, '2024-03-21 15:28:37', 'toss'),
	(63, 203, NULL, 0, 5000.00, '2024-03-21 15:35:30', 'toss'),
	(64, 205, NULL, 0, 3000.00, '2024-03-21 15:41:32', 'phone'),
	(65, 206, NULL, 2, 4000.00, '2024-03-21 17:22:18', 'card'),
	(66, 207, NULL, 0, 14700.00, '2024-03-21 19:53:17', 'kakao');

-- 테이블 spring-project.FOOD114_REVIEW 구조 내보내기
CREATE TABLE IF NOT EXISTS `FOOD114_REVIEW` (
  `REVIEWNO` int NOT NULL AUTO_INCREMENT COMMENT '리뷰 고유번호',
  `ORDERNO` int NOT NULL COMMENT '주문번호',
  `USERID` varchar(50) CHARACTER SET utf8mb4 COLLATE utf8mb4_0900_ai_ci NOT NULL COMMENT '작성자',
  `RAITING` int DEFAULT NULL COMMENT '별점',
  `CONTENTS` text CHARACTER SET utf8mb4 COLLATE utf8mb4_0900_ai_ci COMMENT '리뷰 내용',
  `CDATETIME` datetime NOT NULL COMMENT '작성일자',
  `P_REVIEWNO` int DEFAULT NULL COMMENT '리뷰 답글(biz)',
  PRIMARY KEY (`REVIEWNO`)
) ENGINE=InnoDB AUTO_INCREMENT=75 DEFAULT CHARSET=utf8mb4 COLLATE=utf8mb4_0900_ai_ci;

-- 테이블 데이터 spring-project.FOOD114_REVIEW:~47 rows (대략적) 내보내기
INSERT INTO `FOOD114_REVIEW` (`REVIEWNO`, `ORDERNO`, `USERID`, `RAITING`, `CONTENTS`, `CDATETIME`, `P_REVIEWNO`) VALUES
	(1, 6, 'yeji', 4, '배달도 빨리오고 좋았어요!', '2024-03-11 16:38:50', NULL),
	(2, 7, 'yeji', 4, '커피향이 너무 좋네요!', '2024-03-11 16:39:45', NULL),
	(3, 1, 'asd', 4, '생각보다 만족스러워서 놀랐어요!', '2024-03-11 18:03:15', NULL),
	(4, 2, 'asd', 5, '커피가 하나도 안쏟아지고 제대로 잘 왔네요!', '2024-03-11 18:03:41', NULL),
	(5, 3, 'asd', 1, '점원이 너무 불친절해요 별점 1개도 아까워요', '2024-03-11 18:03:54', NULL),
	(6, 10, 'yeji', 3, '음 생각했던거보단 괜찮네요.', '2024-03-13 19:55:03', NULL),
	(7, 11, 'yeji', 4, '맛있어서 놀랐는데 배달이 너무 늦게와서 별점 하나 빼봅니다..', '2024-03-13 19:55:22', NULL),
	(8, 12, 'yeji', 1, '생각보다 너무 별로네요..', '2024-03-13 20:05:51', NULL),
	(9, 13, 'yeji', 1, '다음엔 안시켜 먹을꺼 같아요..', '2024-03-13 20:10:45', NULL),
	(35, 6, 'hi123', NULL, '감사합니다 다음엔 더 좋은 커피로 보답하겠습니다.', '2024-03-18 09:53:27', 1),
	(36, 7, 'hi123', NULL, '감사합니다 다음엔 더 좋은 커피로 보답하겠습니다.', '2024-03-18 09:55:16', 2),
	(37, 1, 'hi123', NULL, '감사합니다 다음엔 더 좋은 커피로 보답하겠습니다.', '2024-03-19 11:55:22', 3),
	(38, 14, 'yeji', 5, '커피가 맛이 너무 좋네요!', '2024-03-20 10:16:47', NULL),
	(39, 46, 'yeji', 5, '다음에도 또 이용할꺼 같아요!', '2024-03-20 10:19:01', NULL),
	(40, 47, 'yeji', 5, '배달이 빨리와서 너무 만족스러워요!', '2024-03-20 10:20:24', NULL),
	(41, 48, 'yeji', 3, '배달은 빠른데 다 쏟아졌어요...', '2024-03-20 10:37:04', NULL),
	(42, 49, 'yeji', 4, '생각한것보다 더 맛이 좋네요!', '2024-03-20 11:00:04', NULL),
	(43, 50, 'yeji', 3, '그냥 싼맛에 먹는거 같아요..', '2024-03-20 11:01:23', NULL),
	(44, 61, 'yeji', 5, '와 진짜 최고에요! 다음엔 다른거 시켜먹어야지!', '2024-03-20 11:01:32', NULL),
	(45, 62, 'yeji', 5, '이제부턴 단골 시작!', '2024-03-20 11:02:28', NULL),
	(46, 72, 'yeji', 1, '너무 별로에요 다음엔 안 시켜 먹을꺼 같아요..', '2024-03-20 11:02:57', NULL),
	(47, 101, 'yeji', 5, '진짜 너무 맛있어요! 다음에도 또 먹을께요!', '2024-03-20 11:06:51', NULL),
	(48, 72, 'hi123', NULL, '죄송합니다 다음엔 더 좋은 맛으로 보답하겠습니다.', '2024-03-20 11:07:27', 46),
	(49, 62, 'hi123', NULL, '오 감사합니다!', '2024-03-20 11:07:59', 45),
	(50, 101, 'biz03', NULL, '장충동왕족발을 이용해주셔서 감사합니다 다음에도 또 이용해주세요!', '2024-03-20 11:09:12', 47),
	(51, 104, 'asd', 4, '배달이 빠르네요 순식간에 도착했네요.', '2024-03-20 11:20:34', NULL),
	(52, 104, 'hi123', NULL, '배달이 빨라서 다행이네요 다음엔 더 좋은 커피로 보답하겠습니다.', '2024-03-20 11:21:39', 51),
	(53, 111, 'asd', 4, '스트레스가 풀리는 매운맛이였어요!', '2024-03-20 12:34:56', NULL),
	(54, 111, 'bin', NULL, '미친 닭발을 이용해주셔서 감사합니다! 다음에도 또 이용해 주세요!', '2024-03-20 12:35:35', 53),
	(55, 2, 'hi123', NULL, '다행이네요! 다음에도 또 이용해주세요!', '2024-03-20 15:32:07', 4),
	(56, 63, 'yeji', 5, '재료를 좋은걸 쓰나봐요 너무 만족스러워요!', '2024-03-20 18:01:01', NULL),
	(57, 126, 'yeji', 5, '너무 맛있어서 기절할뻔 했네요!', '2024-03-20 18:21:27', NULL),
	(58, 126, 'biz03', NULL, '장충동왕족발을 이용해주셔서 감사합니다 다음에도 또 이용해주세요!', '2024-03-20 18:22:26', 57),
	(59, 3, 'hi123', NULL, '죄송합니다. 직원교육을 다시 하도록 하겠습니다 다시 한번 죄송합니다.', '2024-03-20 19:01:42', 5),
	(60, 135, 'yeji', 5, '너무 너무 맛있어요!', '2024-03-20 19:05:20', NULL),
	(61, 135, 'test6', NULL, '감사합니두', '2024-03-20 19:06:12', 60),
	(62, 142, 'been2', 4, '주변에 가까운 카페가 여기여서 시켰는데 생각보다 맛이 좋네요', '2024-03-20 19:28:48', NULL),
	(63, 143, 'been2', 5, '바닐라라떼가 부드럽고 맛도 좋네요!', '2024-03-20 19:29:14', NULL),
	(64, 142, 'hi123', NULL, '감사합니다. 다음에도 꼭 이용해주세요!', '2024-03-20 19:30:28', 62),
	(65, 181, 'yeji', 5, '맥도날드 너무 맛있어요. 원래 하나만 먹는데 세트 2개 시켜서 다 먹었습니다ㅎㅎ ', '2024-03-21 12:14:01', NULL),
	(66, 181, 'test11', NULL, 'yeji님! 리뷰 작성 감사드려요 ^^ \n오늘도 좋은 하루 보내시고 다음에 또 주문 부탁드립니다~', '2024-03-21 12:16:02', 65),
	(67, 182, 'psy216', 4, '감자튀김이 살짝 눅눅한 거 빼면 맛있었습니다.', '2024-03-21 12:37:42', NULL),
	(68, 187, 'psy216', 5, '맛있어요!', '2024-03-21 12:46:25', NULL),
	(69, 185, 'psy216', 5, '중독성있는 맛... 끊지를 못하겠어요....ㅎㅎ', '2024-03-21 12:46:52', NULL),
	(70, 184, 'psy216', 5, '도미노는 페퍼로니도 맛있네요 ㅎㅎ 굿굿', '2024-03-21 12:47:26', NULL),
	(71, 183, 'psy216', 5, '커피 잘 먹엇어요~', '2024-03-21 12:47:48', NULL),
	(72, 182, 'test11', NULL, 'psy216님! 리뷰 작성 감사드려요 ^^\n다음 주문에는 더욱 신경써서 보내드리겠습니다!', '2024-03-21 14:10:14', 67),
	(73, 200, 'djl01', 5, '맛있게 잘 먹었습니다', '2024-03-21 15:17:17', NULL),
	(74, 143, 'hi123', NULL, '리뷰 작성 완료!', '2024-03-21 17:26:31', 63);

-- 테이블 spring-project.FOOD114_REVIEW_PHOTO 구조 내보내기
CREATE TABLE IF NOT EXISTS `FOOD114_REVIEW_PHOTO` (
  `REVIEWFILENO` int NOT NULL AUTO_INCREMENT COMMENT '리뷰 파일 고유번호',
  `REVIEWNO` int NOT NULL COMMENT '리뷰 고유번호',
  `FILEPATH` varchar(255) CHARACTER SET utf8mb4 COLLATE utf8mb4_0900_ai_ci DEFAULT NULL COMMENT '파일 주소',
  `FILENAME` varchar(100) CHARACTER SET utf8mb4 COLLATE utf8mb4_0900_ai_ci DEFAULT NULL COMMENT '파일명',
  `FILEORGNAME` varchar(100) CHARACTER SET utf8mb4 COLLATE utf8mb4_0900_ai_ci DEFAULT NULL COMMENT '원본파일명',
  `FILESIZE` int DEFAULT NULL COMMENT '파일 크기',
  `FILEETC` varchar(50) CHARACTER SET utf8mb4 COLLATE utf8mb4_0900_ai_ci DEFAULT NULL COMMENT '확장자',
  PRIMARY KEY (`REVIEWFILENO`)
) ENGINE=InnoDB DEFAULT CHARSET=utf8mb4 COLLATE=utf8mb4_0900_ai_ci;

-- 테이블 데이터 spring-project.FOOD114_REVIEW_PHOTO:~0 rows (대략적) 내보내기

/*!40103 SET TIME_ZONE=IFNULL(@OLD_TIME_ZONE, 'system') */;
/*!40101 SET SQL_MODE=IFNULL(@OLD_SQL_MODE, '') */;
/*!40014 SET FOREIGN_KEY_CHECKS=IFNULL(@OLD_FOREIGN_KEY_CHECKS, 1) */;
/*!40101 SET CHARACTER_SET_CLIENT=@OLD_CHARACTER_SET_CLIENT */;
/*!40111 SET SQL_NOTES=IFNULL(@OLD_SQL_NOTES, 1) */;
